{
  "auc": 0.503125,
  "n_train": 392,
  "n_test": 169,
  "trained_at": "202607242051",
  "precision_recall_curve": {
    "precision": [
      0.378698224852071,
      0.38095238095238093,
      0.38323353293413176,
      0.3795180722891566,
      0.38181818181818183,
      0.3780487804878049,
      0.3803680981595092,
      0.38271604938271603,
      0.38509316770186336,
      0.3875,
      0.389937106918239,
      0.3860759493670886,
      0.3885350318471338,
      0.391025641025641,
      0.3870967741935484,
      0.38961038961038963,
      0.39215686274509803,
      0.39473684210526316,
      0.39072847682119205,
      0.38666666666666666,
      0.3825503355704698,
      0.38513513513513514,
      0.3877551020408163,
      0.3904109589041096,
      0.3931034482758621,
      0.3888888888888889,
      0.38461538461538464,
      0.3873239436619718,
      0.3829787234042553,
      0.38571428571428573,
      0.381294964028777,
      0.37681159420289856,
      0.3722627737226277,
      0.375,
      0.37037037037037035,
      0.3656716417910448,
      0.3684210526315789,
      0.3712121212121212,
      0.37404580152671757,
      0.3769230769230769,
      0.3798449612403101,
      0.3828125,
      0.3858267716535433,
      0.38095238095238093,
      0.384,
      0.3790322580645161,
      0.3821138211382114,
      0.3770491803278688,
      0.371900826446281,
      0.36666666666666664,
      0.3697478991596639,
      0.3728813559322034,
      0.37606837606837606,
      0.3793103448275862,
      0.3739130434782609,
      0.37719298245614036,
      0.3805309734513274,
      0.38392857142857145,
      0.3783783783783784,
      0.37272727272727274,
      0.3669724770642202,
      0.37037037037037035,
      0.37383177570093457,
      0.36792452830188677,
      0.37142857142857144,
      0.36538461538461536,
      0.36893203883495146,
      0.37254901960784315,
      0.36633663366336633,
      0.37,
      0.37373737373737376,
      0.37755102040816324,
      0.38144329896907214,
      0.375,
      0.3684210526315789,
      0.3617021276595745,
      0.3548387096774194,
      0.358695652173913,
      0.3626373626373626,
      0.36666666666666664,
      0.3595505617977528,
      0.3522727272727273,
      0.3563218390804598,
      0.3488372093023256,
      0.35294117647058826,
      0.34523809523809523,
      0.3493975903614458,
      0.35365853658536583,
      0.35802469135802467,
      0.3625,
      0.3670886075949367,
      0.3717948717948718,
      0.37662337662337664,
      0.3684210526315789,
      0.37333333333333335,
      0.36486486486486486,
      0.3698630136986301,
      0.375,
      0.36619718309859156,
      0.37142857142857144,
      0.37681159420289856,
      0.38235294117647056,
      0.3880597014925373,
      0.3939393939393939,
      0.38461538461538464,
      0.375,
      0.38095238095238093,
      0.3709677419354839,
      0.3770491803278688,
      0.38333333333333336,
      0.3898305084745763,
      0.39655172413793105,
      0.40350877192982454,
      0.39285714285714285,
      0.4,
      0.4074074074074074,
      0.39622641509433965,
      0.40384615384615385,
      0.4117647058823529,
      0.42,
      0.42857142857142855,
      0.4375,
      0.425531914893617,
      0.41304347826086957,
      0.4222222222222222,
      0.4318181818181818,
      0.4418604651162791,
      0.4523809523809524,
      0.43902439024390244,
      0.45,
      0.46153846153846156,
      0.4473684210526316,
      0.43243243243243246,
      0.4166666666666667,
      0.4,
      0.38235294117647056,
      0.36363636363636365,
      0.375,
      0.3548387096774194,
      0.3333333333333333,
      0.3448275862068966,
      0.35714285714285715,
      0.37037037037037035,
      0.38461538461538464,
      0.4,
      0.4166666666666667,
      0.43478260869565216,
      0.45454545454545453,
      0.47619047619047616,
      0.5,
      0.47368421052631576,
      0.4444444444444444,
      0.4117647058823529,
      0.375,
      0.3333333333333333,
      0.35714285714285715,
      0.38461538461538464,
      0.4166666666666667,
      0.36363636363636365,
      0.3,
      0.2222222222222222,
      0.25,
      0.14285714285714285,
      0.0,
      0.0,
      0.0,
      0.0,
      0.0,
      0.0,
      1.0
    ],
    "recall": [
      1.0,
      1.0,
      1.0,
      0.984375,
      0.984375,
      0.96875,
      0.96875,
      0.96875,
      0.96875,
      0.96875,
      0.96875,
      0.953125,
      0.953125,
      0.953125,
      0.9375,
      0.9375,
      0.9375,
      0.9375,
      0.921875,
      0.90625,
      0.890625,
      0.890625,
      0.890625,
      0.890625,
      0.890625,
      0.875,
      0.859375,
      0.859375,
      0.84375,
      0.84375,
      0.828125,
      0.8125,
      0.796875,
      0.796875,
      0.78125,
      0.765625,
      0.765625,
      0.765625,
      0.765625,
      0.765625,
      0.765625,
      0.765625,
      0.765625,
      0.75,
      0.75,
      0.734375,
      0.734375,
      0.71875,
      0.703125,
      0.6875,
      0.6875,
      0.6875,
      0.6875,
      0.6875,
      0.671875,
      0.671875,
      0.671875,
      0.671875,
      0.65625,
      0.640625,
      0.625,
      0.625,
      0.625,
      0.609375,
      0.609375,
      0.59375,
      0.59375,
      0.59375,
      0.578125,
      0.578125,
      0.578125,
      0.578125,
      0.578125,
      0.5625,
      0.546875,
      0.53125,
      0.515625,
      0.515625,
      0.515625,
      0.515625,
      0.5,
      0.484375,
      0.484375,
      0.46875,
      0.46875,
      0.453125,
      0.453125,
      0.453125,
      0.453125,
      0.453125,
      0.453125,
      0.453125,
      0.453125,
      0.4375,
      0.4375,
      0.421875,
      0.421875,
      0.421875,
      0.40625,
      0.40625,
      0.40625,
      0.40625,
      0.40625,
      0.40625,
      0.390625,
      0.375,
      0.375,
      0.359375,
      0.359375,
      0.359375,
      0.359375,
      0.359375,
      0.359375,
      0.34375,
      0.34375,
      0.34375,
      0.328125,
      0.328125,
      0.328125,
      0.328125,
      0.328125,
      0.328125,
      0.3125,
      0.296875,
      0.296875,
      0.296875,
      0.296875,
      0.296875,
      0.28125,
      0.28125,
      0.28125,
      0.265625,
      0.25,
      0.234375,
      0.21875,
      0.203125,
      0.1875,
      0.1875,
      0.171875,
      0.15625,
      0.15625,
      0.15625,
      0.15625,
      0.15625,
      0.15625,
      0.15625,
      0.15625,
      0.15625,
      0.15625,
      0.15625,
      0.140625,
      0.125,
      0.109375,
      0.09375,
      0.078125,
      0.078125,
      0.078125,
      0.078125,
      0.0625,
      0.046875,
      0.03125,
      0.03125,
      0.015625,
      0.0,
      0.0,
      0.0,
      0.0,
      0.0,
      0.0,
      0.0
    ],