{
  "auc": 0.48288690476190477,
  "n_train": 394,
  "n_test": 169,
  "trained_at": "202607230715",
  "precision_recall_curve": {
    "precision": [
      0.378698224852071,
      0.375,
      0.3772455089820359,
      0.3795180722891566,
      0.38181818181818183,
      0.3780487804878049,
      0.37423312883435583,
      0.37037037037037035,
      0.37267080745341613,
      0.36875,
      0.3710691823899371,
      0.37341772151898733,
      0.37579617834394907,
      0.3782051282051282,
      0.38064516129032255,
      0.37662337662337664,
      0.3790849673202614,
      0.3815789473684211,
      0.37748344370860926,
      0.38,
      0.37583892617449666,
      0.3783783783783784,
      0.3741496598639456,
      0.3698630136986301,
      0.3724137931034483,
      0.375,
      0.3706293706293706,
      0.3732394366197183,
      0.36879432624113473,
      0.37142857142857144,
      0.37410071942446044,
      0.37681159420289856,
      0.3722627737226277,
      0.375,
      0.37037037037037035,
      0.373134328358209,
      0.3684210526315789,
      0.36363636363636365,
      0.366412213740458,
      0.36923076923076925,
      0.3643410852713178,
      0.3671875,
      0.36220472440944884,
      0.35714285714285715,
      0.36,
      0.3629032258064516,
      0.36585365853658536,
      0.36885245901639346,
      0.36363636363636365,
      0.36666666666666664,
      0.3697478991596639,
      0.3728813559322034,
      0.37606837606837606,
      0.3793103448275862,
      0.3739130434782609,
      0.3684210526315789,
      0.36283185840707965,
      0.35714285714285715,
      0.36036036036036034,
      0.36363636363636365,
      0.3669724770642202,
      0.3611111111111111,
      0.3644859813084112,
      0.36792452830188677,
      0.3619047619047619,
      0.36538461538461536,
      0.36893203883495146,
      0.3627450980392157,
      0.36633663366336633,
      0.37,
      0.36363636363636365,
      0.35714285714285715,
      0.35051546391752575,
      0.34375,
      0.3473684210526316,
      0.3404255319148936,
      0.34408602150537637,
      0.34782608695652173,
      0.3516483516483517,
      0.35555555555555557,
      0.34831460674157305,
      0.3522727272727273,
      0.3563218390804598,
      0.36046511627906974,
      0.35294117647058826,
      0.35714285714285715,
      0.3614457831325301,
      0.36585365853658536,
      0.37037037037037035,
      0.375,
      0.379746835443038,
      0.3717948717948718,
      0.37662337662337664,
      0.3684210526315789,
      0.37333333333333335,
      0.36486486486486486,
      0.3698630136986301,
      0.375,
      0.38028169014084506,
      0.37142857142857144,
      0.37681159420289856,
      0.38235294117647056,
      0.373134328358209,
      0.3787878787878788,
      0.38461538461538464,
      0.375,
      0.38095238095238093,
      0.3709677419354839,
      0.3770491803278688,
      0.38333333333333336,
      0.3898305084745763,
      0.39655172413793105,
      0.40350877192982454,
      0.4107142857142857,
      0.41818181818181815,
      0.42592592592592593,
      0.41509433962264153,
      0.4230769230769231,
      0.4117647058823529,
      0.4,
      0.40816326530612246,
      0.4166666666666667,
      0.40425531914893614,
      0.41304347826086957,
      0.4,
      0.4090909090909091,
      0.3953488372093023,
      0.40476190476190477,
      0.3902439024390244,
      0.375,
      0.358974358974359,
      0.3684210526315789,
      0.35135135135135137,
      0.3333333333333333,
      0.3142857142857143,
      0.3235294117647059,
      0.3333333333333333,
      0.3125,
      0.3225806451612903,
      0.3333333333333333,
      0.3448275862068966,
      0.35714285714285715,
      0.37037037037037035,
      0.38461538461538464,
      0.4,
      0.4166666666666667,
      0.43478260869565216,
      0.4090909090909091,
      0.38095238095238093,
      0.4,
      0.3684210526315789,
      0.3333333333333333,
      0.35294117647058826,
      0.375,
      0.4,
      0.35714285714285715,
      0.38461538461538464,
      0.3333333333333333,
      0.36363636363636365,
      0.4,
      0.3333333333333333,
      0.25,
      0.14285714285714285,
      0.0,
      0.0,
      0.0,
      0.0,
      0.0,
      0.0,
      1.0
    ],
    "recall": [
      1.0,
      0.984375,
      0.984375,
      0.984375,
      0.984375,
      0.96875,
      0.953125,
      0.9375,
      0.9375,
      0.921875,
      0.921875,
      0.921875,
      0.921875,
      0.921875,
      0.921875,
      0.90625,
      0.90625,
      0.90625,
      0.890625,
      0.890625,
      0.875,
      0.875,
      0.859375,
      0.84375,
      0.84375,
      0.84375,
      0.828125,
      0.828125,
      0.8125,
      0.8125,
      0.8125,
      0.8125,
      0.796875,
      0.796875,
      0.78125,
      0.78125,
      0.765625,
      0.75,
      0.75,
      0.75,
      0.734375,
      0.734375,
      0.71875,
      0.703125,
      0.703125,
      0.703125,
      0.703125,
      0.703125,
      0.6875,
      0.6875,
      0.6875,
      0.6875,
      0.6875,
      0.6875,
      0.671875,
      0.65625,
      0.640625,
      0.625,
      0.625,
      0.625,
      0.625,
      0.609375,
      0.609375,
      0.609375,
      0.59375,
      0.59375,
      0.59375,
      0.578125,
      0.578125,
      0.578125,
      0.5625,
      0.546875,
      0.53125,
      0.515625,
      0.515625,
      0.5,
      0.5,
      0.5,
      0.5,
      0.5,
      0.484375,
      0.484375,
      0.484375,
      0.484375,
      0.46875,
      0.46875,
      0.46875,
      0.46875,
      0.46875,
      0.46875,
      0.46875,
      0.453125,
      0.453125,
      0.4375,
      0.4375,
      0.421875,
      0.421875,
      0.421875,
      0.421875,
      0.40625,
      0.40625,
      0.40625,
      0.390625,
      0.390625,
      0.390625,
      0.375,
      0.375,
      0.359375,
      0.359375,
      0.359375,
      0.359375,
      0.359375,
      0.359375,
      0.359375,
      0.359375,
      0.359375,
      0.34375,
      0.34375,
      0.328125,
      0.3125,
      0.3125,
      0.3125,
      0.296875,
      0.296875,
      0.28125,
      0.28125,
      0.265625,
      0.265625,
      0.25,
      0.234375,
      0.21875,
      0.21875,
      0.203125,
      0.1875,
      0.171875,
      0.171875,
      0.171875,
      0.15625,
      0.15625,
      0.15625,
      0.15625,
      0.15625,
      0.15625,
      0.15625,
      0.15625,
      0.15625,
      0.15625,
      0.140625,
      0.125,
      0.125,
      0.109375,
      0.09375,
      0.09375,
      0.09375,
      0.09375,
      0.078125,
      0.078125,
      0.0625,
      0.0625,
      0.0625,
      0.046875,
      0.03125,
      0.015625,
      0.0,
      0.0,
      0.0,
      0.0,
      0.0,
      0.0,
      0.0
    ],