{
  "auc": 0.515680473372781,
  "n_train": 393,
  "n_test": 169,
  "trained_at": "202607211930",
  "precision_recall_curve": {
    "precision": [
      0.38461538461538464,
      0.38095238095238093,
      0.38323353293413176,
      0.3855421686746988,
      0.3878787878787879,
      0.38414634146341464,
      0.38650306748466257,
      0.3888888888888889,
      0.38509316770186336,
      0.38125,
      0.37735849056603776,
      0.379746835443038,
      0.3821656050955414,
      0.3782051282051282,
      0.3741935483870968,
      0.37662337662337664,
      0.37254901960784315,
      0.375,
      0.37748344370860926,
      0.38,
      0.3825503355704698,
      0.38513513513513514,
      0.3877551020408163,
      0.3904109589041096,
      0.3931034482758621,
      0.3888888888888889,
      0.3916083916083916,
      0.3873239436619718,
      0.3900709219858156,
      0.39285714285714285,
      0.38848920863309355,
      0.391304347826087,
      0.39416058394160586,
      0.3897058823529412,
      0.3925925925925926,
      0.39552238805970147,
      0.39097744360902253,
      0.3939393939393939,
      0.3969465648854962,
      0.4,
      0.40310077519379844,
      0.3984375,
      0.4015748031496063,
      0.40476190476190477,
      0.408,
      0.4112903225806452,
      0.4146341463414634,
      0.4180327868852459,
      0.4214876033057851,
      0.425,
      0.42016806722689076,
      0.4152542372881356,
      0.41025641025641024,
      0.41379310344827586,
      0.40869565217391307,
      0.41228070175438597,
      0.40707964601769914,
      0.4017857142857143,
      0.3963963963963964,
      0.39090909090909093,
      0.3944954128440367,
      0.3888888888888889,
      0.3925233644859813,
      0.3867924528301887,
      0.38095238095238093,
      0.38461538461538464,
      0.3786407766990291,
      0.38235294117647056,
      0.38613861386138615,
      0.39,
      0.3838383838383838,
      0.3877551020408163,
      0.3917525773195876,
      0.3958333333333333,
      0.4,
      0.40425531914893614,
      0.3978494623655914,
      0.391304347826087,
      0.3956043956043956,
      0.4,
      0.39325842696629215,
      0.3977272727272727,
      0.39080459770114945,
      0.3953488372093023,
      0.4,
      0.40476190476190477,
      0.39759036144578314,
      0.4024390243902439,
      0.3950617283950617,
      0.4,
      0.4050632911392405,
      0.41025641025641024,
      0.4025974025974026,
      0.40789473684210525,
      0.41333333333333333,
      0.4189189189189189,
      0.410958904109589,
      0.4027777777777778,
      0.4084507042253521,
      0.4142857142857143,
      0.4057971014492754,
      0.39705882352941174,
      0.3880597014925373,
      0.3939393939393939,
      0.4,
      0.390625,
      0.3968253968253968,
      0.4032258064516129,
      0.39344262295081966,
      0.4,
      0.4067796610169492,
      0.39655172413793105,
      0.40350877192982454,
      0.4107142857142857,
      0.4,
      0.3888888888888889,
      0.39622641509433965,
      0.40384615384615385,
      0.39215686274509803,
      0.4,
      0.3877551020408163,
      0.375,
      0.3829787234042553,
      0.391304347826087,
      0.4,
      0.4090909090909091,
      0.3953488372093023,
      0.40476190476190477,
      0.3902439024390244,
      0.375,
      0.38461538461538464,
      0.39473684210526316,
      0.3783783783783784,
      0.3611111111111111,
      0.37142857142857144,
      0.38235294117647056,
      0.3939393939393939,
      0.40625,
      0.41935483870967744,
      0.4,
      0.41379310344827586,
      0.39285714285714285,
      0.4074074074074074,
      0.4230769230769231,
      0.4,
      0.375,
      0.34782608695652173,
      0.3181818181818182,
      0.3333333333333333,
      0.35,
      0.3157894736842105,
      0.3333333333333333,
      0.29411764705882354,
      0.3125,
      0.3333333333333333,
      0.35714285714285715,
      0.38461538461538464,
      0.3333333333333333,
      0.2727272727272727,
      0.2,
      0.2222222222222222,
      0.25,
      0.2857142857142857,
      0.16666666666666666,
      0.0,
      0.0,
      0.0,
      0.0,
      0.0,
      1.0
    ],