{
  "auc": 0.5217018846373501,
  "n_train": 398,
  "n_test": 171,
  "trained_at": "202607160836",
  "precision_recall_curve": {
    "precision": [
      0.39766081871345027,
      0.3941176470588235,
      0.39644970414201186,
      0.39285714285714285,
      0.39520958083832336,
      0.39759036144578314,
      0.4,
      0.39634146341463417,
      0.3987730061349693,
      0.4012345679012346,
      0.39751552795031053,
      0.4,
      0.4025157232704403,
      0.4050632911392405,
      0.40764331210191085,
      0.40384615384615385,
      0.4064516129032258,
      0.4025974025974026,
      0.39869281045751637,
      0.40131578947368424,
      0.40397350993377484,
      0.4066666666666667,
      0.40939597315436244,
      0.41216216216216217,
      0.40816326530612246,
      0.410958904109589,
      0.41379310344827586,
      0.4097222222222222,
      0.40559440559440557,
      0.4084507042253521,
      0.41134751773049644,
      0.4142857142857143,
      0.41007194244604317,
      0.41304347826086957,
      0.40875912408759124,
      0.4117647058823529,
      0.4148148148148148,
      0.41044776119402987,
      0.40601503759398494,
      0.4090909090909091,
      0.4122137404580153,
      0.4076923076923077,
      0.4108527131782946,
      0.4140625,
      0.41732283464566927,
      0.42063492063492064,
      0.416,
      0.41935483870967744,
      0.42276422764227645,
      0.4180327868852459,
      0.4132231404958678,
      0.4166666666666667,
      0.4117647058823529,
      0.4152542372881356,
      0.4188034188034188,
      0.41379310344827586,
      0.41739130434782606,
      0.41228070175438597,
      0.415929203539823,
      0.41964285714285715,
      0.42342342342342343,
      0.42727272727272725,
      0.42201834862385323,
      0.4166666666666667,
      0.4205607476635514,
      0.41509433962264153,
      0.41904761904761906,
      0.4230769230769231,
      0.42718446601941745,
      0.4215686274509804,
      0.4158415841584158,
      0.41,
      0.41414141414141414,
      0.40816326530612246,
      0.4020618556701031,
      0.40625,
      0.4105263157894737,
      0.4148936170212766,
      0.40860215053763443,
      0.40217391304347827,
      0.4065934065934066,
      0.4,
      0.39325842696629215,
      0.3977272727272727,
      0.40229885057471265,
      0.3953488372093023,
      0.4,
      0.39285714285714285,
      0.3855421686746988,
      0.3780487804878049,
      0.38271604938271603,
      0.3875,
      0.3924050632911392,
      0.3974358974358974,
      0.4025974025974026,
      0.40789473684210525,
      0.4,
      0.40540540540540543,
      0.3972602739726027,
      0.4027777777777778,
      0.4084507042253521,
      0.4142857142857143,
      0.42028985507246375,
      0.4264705882352941,
      0.417910447761194,
      0.42424242424242425,
      0.4307692307692308,
      0.421875,
      0.4126984126984127,
      0.4032258064516129,
      0.39344262295081966,
      0.38333333333333336,
      0.3898305084745763,
      0.3793103448275862,
      0.38596491228070173,
      0.375,
      0.38181818181818183,
      0.3888888888888889,
      0.39622641509433965,
      0.40384615384615385,
      0.4117647058823529,
      0.42,
      0.40816326530612246,
      0.4166666666666667,
      0.425531914893617,
      0.43478260869565216,
      0.4222222222222222,
      0.4318181818181818,
      0.4418604651162791,
      0.4523809523809524,
      0.4634146341463415,
      0.475,
      0.48717948717948717,
      0.47368421052631576,
      0.4594594594594595,
      0.4444444444444444,
      0.45714285714285713,
      0.4411764705882353,
      0.45454545454545453,
      0.4375,
      0.41935483870967744,
      0.4,
      0.3793103448275862,
      0.39285714285714285,
      0.4074074074074074,
      0.4230769230769231,
      0.4,
      0.375,
      0.391304347826087,
      0.36363636363636365,
      0.3333333333333333,
      0.35,
      0.3684210526315789,
      0.3888888888888889,
      0.35294117647058826,
      0.375,
      0.3333333333333333,
      0.2857142857142857,
      0.3076923076923077,
      0.3333333333333333,
      0.36363636363636365,
      0.4,
      0.4444444444444444,
      0.5,
      0.42857142857142855,
      0.3333333333333333,
      0.2,
      0.25,
      0.3333333333333333,
      0.0,
      0.0,
      1.0
    ],