{
  "auc": 0.49014778325123154,
  "n_train": 379,
  "n_test": 163,
  "trained_at": "202607242104",
  "precision_recall_curve": {
    "precision": [
      0.3558282208588957,
      0.35185185185185186,
      0.34782608695652173,
      0.35,
      0.3522012578616352,
      0.35443037974683544,
      0.3503184713375796,
      0.34615384615384615,
      0.34838709677419355,
      0.34415584415584416,
      0.3464052287581699,
      0.34868421052631576,
      0.3443708609271523,
      0.3466666666666667,
      0.348993288590604,
      0.35135135135135137,
      0.3469387755102041,
      0.3424657534246575,
      0.3448275862068966,
      0.3472222222222222,
      0.34965034965034963,
      0.352112676056338,
      0.3475177304964539,
      0.35,
      0.35251798561151076,
      0.35507246376811596,
      0.35036496350364965,
      0.35294117647058826,
      0.35555555555555557,
      0.3582089552238806,
      0.3533834586466165,
      0.3484848484848485,
      0.3511450381679389,
      0.35384615384615387,
      0.35658914728682173,
      0.3515625,
      0.3543307086614173,
      0.3492063492063492,
      0.344,
      0.3467741935483871,
      0.34959349593495936,
      0.3442622950819672,
      0.33884297520661155,
      0.3333333333333333,
      0.33613445378151263,
      0.3305084745762712,
      0.3333333333333333,
      0.33620689655172414,
      0.33043478260869563,
      0.3333333333333333,
      0.336283185840708,
      0.3392857142857143,
      0.34234234234234234,
      0.33636363636363636,
      0.3394495412844037,
      0.3333333333333333,
      0.3364485981308411,
      0.33962264150943394,
      0.34285714285714286,
      0.34615384615384615,
      0.34951456310679613,
      0.35294117647058826,
      0.3564356435643564,
      0.35,
      0.3434343434343434,
      0.3469387755102041,
      0.35051546391752575,
      0.34375,
      0.3473684210526316,
      0.35106382978723405,
      0.3548387096774194,
      0.358695652173913,
      0.3626373626373626,
      0.36666666666666664,
      0.3707865168539326,
      0.375,
      0.3793103448275862,
      0.38372093023255816,
      0.3764705882352941,
      0.38095238095238093,
      0.37349397590361444,
      0.36585365853658536,
      0.35802469135802467,
      0.3625,
      0.35443037974683544,
      0.34615384615384615,
      0.33766233766233766,
      0.34210526315789475,
      0.3333333333333333,
      0.33783783783783783,
      0.3424657534246575,
      0.3472222222222222,
      0.352112676056338,
      0.35714285714285715,
      0.36231884057971014,
      0.35294117647058826,
      0.3582089552238806,
      0.3484848484848485,
      0.3384615384615385,
      0.328125,
      0.3333333333333333,
      0.3387096774193548,
      0.3442622950819672,
      0.35,
      0.3389830508474576,
      0.3448275862068966,
      0.3508771929824561,
      0.35714285714285715,
      0.36363636363636365,
      0.37037037037037035,
      0.3584905660377358,
      0.36538461538461536,
      0.37254901960784315,
      0.36,
      0.3469387755102041,
      0.3541666666666667,
      0.3617021276595745,
      0.34782608695652173,
      0.3333333333333333,
      0.3409090909090909,
      0.32558139534883723,
      0.30952380952380953,
      0.3170731707317073,
      0.325,
      0.3333333333333333,
      0.3157894736842105,
      0.2972972972972973,
      0.3055555555555556,
      0.3142857142857143,
      0.3235294117647059,
      0.3333333333333333,
      0.34375,
      0.3548387096774194,
      0.36666666666666664,
      0.3793103448275862,
      0.39285714285714285,
      0.4074074074074074,
      0.38461538461538464,
      0.4,
      0.4166666666666667,
      0.43478260869565216,
      0.4090909090909091,
      0.42857142857142855,
      0.4,
      0.42105263157894735,
      0.3888888888888889,
      0.4117647058823529,
      0.4375,
      0.4,
      0.42857142857142855,
      0.46153846153846156,
      0.5,
      0.5454545454545454,
      0.5,
      0.5555555555555556,
      0.625,
      0.5714285714285714,
      0.6666666666666666,
      0.6,
      0.75,
      0.6666666666666666,
      0.5,
      1.0,
      1.0
    ],