{
  "auc": 0.48781275221953185,
  "n_train": 381,
  "n_test": 164,
  "trained_at": "202607211938",
  "precision_recall_curve": {
    "precision": [
      0.3597560975609756,
      0.3619631901840491,
      0.35802469135802467,
      0.35403726708074534,
      0.35,
      0.34591194968553457,
      0.34810126582278483,
      0.3503184713375796,
      0.3525641025641026,
      0.34838709677419355,
      0.35064935064935066,
      0.35294117647058826,
      0.34868421052631576,
      0.3509933774834437,
      0.3466666666666667,
      0.348993288590604,
      0.35135135135135137,
      0.35374149659863946,
      0.3561643835616438,
      0.35172413793103446,
      0.3541666666666667,
      0.34965034965034963,
      0.352112676056338,
      0.3546099290780142,
      0.35714285714285715,
      0.3597122302158273,
      0.36231884057971014,
      0.36496350364963503,
      0.36764705882352944,
      0.362962962962963,
      0.3656716417910448,
      0.3684210526315789,
      0.3712121212121212,
      0.37404580152671757,
      0.3769230769230769,
      0.37209302325581395,
      0.375,
      0.3700787401574803,
      0.36507936507936506,
      0.36,
      0.3548387096774194,
      0.35772357723577236,
      0.36065573770491804,
      0.36363636363636365,
      0.36666666666666664,
      0.3697478991596639,
      0.3728813559322034,
      0.37606837606837606,
      0.3793103448275862,
      0.3739130434782609,
      0.3684210526315789,
      0.37168141592920356,
      0.375,
      0.3783783783783784,
      0.38181818181818183,
      0.3761467889908257,
      0.37962962962962965,
      0.37383177570093457,
      0.37735849056603776,
      0.38095238095238093,
      0.375,
      0.36893203883495146,
      0.37254901960784315,
      0.36633663366336633,
      0.36,
      0.35353535353535354,
      0.35714285714285715,
      0.36082474226804123,
      0.3541666666666667,
      0.35789473684210527,
      0.35106382978723405,
      0.3548387096774194,
      0.34782608695652173,
      0.34065934065934067,
      0.3333333333333333,
      0.3258426966292135,
      0.32954545454545453,
      0.3333333333333333,
      0.32558139534883723,
      0.32941176470588235,
      0.3333333333333333,
      0.3373493975903614,
      0.32926829268292684,
      0.32098765432098764,
      0.325,
      0.3291139240506329,
      0.3333333333333333,
      0.33766233766233766,
      0.34210526315789475,
      0.3333333333333333,
      0.33783783783783783,
      0.3424657534246575,
      0.3333333333333333,
      0.3380281690140845,
      0.34285714285714286,
      0.3333333333333333,
      0.3382352941176471,
      0.34328358208955223,
      0.3484848484848485,
      0.3384615384615385,
      0.328125,
      0.3333333333333333,
      0.3387096774193548,
      0.3442622950819672,
      0.35,
      0.3389830508474576,
      0.3448275862068966,
      0.3508771929824561,
      0.35714285714285715,
      0.34545454545454546,
      0.35185185185185186,
      0.3584905660377358,
      0.34615384615384615,
      0.3333333333333333,
      0.34,
      0.32653061224489793,
      0.3333333333333333,
      0.3404255319148936,
      0.34782608695652173,
      0.35555555555555557,
      0.3409090909090909,
      0.32558139534883723,
      0.3333333333333333,
      0.34146341463414637,
      0.325,
      0.3333333333333333,
      0.34210526315789475,
      0.32432432432432434,
      0.3333333333333333,
      0.34285714285714286,
      0.35294117647058826,
      0.36363636363636365,
      0.34375,
      0.3225806451612903,
      0.3333333333333333,
      0.3448275862068966,
      0.35714285714285715,
      0.3333333333333333,
      0.34615384615384615,
      0.36,
      0.3333333333333333,
      0.34782608695652173,
      0.3181818181818182,
      0.3333333333333333,
      0.3,
      0.2631578947368421,
      0.2777777777777778,
      0.23529411764705882,
      0.25,
      0.26666666666666666,
      0.2857142857142857,
      0.3076923076923077,
      0.3333333333333333,
      0.36363636363636365,
      0.4,
      0.4444444444444444,
      0.5,
      0.5714285714285714,
      0.6666666666666666,
      0.6,
      0.5,
      0.6666666666666666,
      0.5,
      1.0,
      1.0
    ],