{
  "auc": 0.49186727391021473,
  "n_train": 380,
  "n_test": 164,
  "trained_at": "202607241012",
  "precision_recall_curve": {
    "precision": [
      0.35365853658536583,
      0.3496932515337423,
      0.35185185185185186,
      0.34782608695652173,
      0.35,
      0.34591194968553457,
      0.34810126582278483,
      0.34394904458598724,
      0.33974358974358976,
      0.33548387096774196,
      0.33766233766233766,
      0.3333333333333333,
      0.32894736842105265,
      0.33112582781456956,
      0.3333333333333333,
      0.33557046979865773,
      0.33783783783783783,
      0.3401360544217687,
      0.3356164383561644,
      0.33793103448275863,
      0.3402777777777778,
      0.34265734265734266,
      0.34507042253521125,
      0.3475177304964539,
      0.35,
      0.34532374100719426,
      0.34782608695652173,
      0.34306569343065696,
      0.3382352941176471,
      0.3333333333333333,
      0.3358208955223881,
      0.3383458646616541,
      0.3409090909090909,
      0.3435114503816794,
      0.34615384615384615,
      0.3488372093023256,
      0.34375,
      0.3464566929133858,
      0.3492063492063492,
      0.352,
      0.3467741935483871,
      0.34146341463414637,
      0.3442622950819672,
      0.34710743801652894,
      0.3416666666666667,
      0.33613445378151263,
      0.3305084745762712,
      0.3247863247863248,
      0.3275862068965517,
      0.33043478260869563,
      0.3333333333333333,
      0.336283185840708,
      0.33035714285714285,
      0.3333333333333333,
      0.33636363636363636,
      0.3394495412844037,
      0.3425925925925926,
      0.34579439252336447,
      0.33962264150943394,
      0.34285714285714286,
      0.34615384615384615,
      0.34951456310679613,
      0.35294117647058826,
      0.3465346534653465,
      0.35,
      0.3434343434343434,
      0.336734693877551,
      0.3402061855670103,
      0.34375,
      0.3473684210526316,
      0.3404255319148936,
      0.34408602150537637,
      0.33695652173913043,
      0.34065934065934067,
      0.3333333333333333,
      0.33707865168539325,
      0.3409090909090909,
      0.3333333333333333,
      0.3372093023255814,
      0.3411764705882353,
      0.34523809523809523,
      0.3493975903614458,
      0.35365853658536583,
      0.35802469135802467,
      0.3625,
      0.3670886075949367,
      0.3717948717948718,
      0.37662337662337664,
      0.3815789473684211,
      0.37333333333333335,
      0.3783783783783784,
      0.3835616438356164,
      0.3888888888888889,
      0.38028169014084506,
      0.38571428571428573,
      0.391304347826087,
      0.39705882352941174,
      0.3880597014925373,
      0.3939393939393939,
      0.38461538461538464,
      0.390625,
      0.38095238095238093,
      0.3870967741935484,
      0.39344262295081966,
      0.38333333333333336,
      0.3728813559322034,
      0.3620689655172414,
      0.3508771929824561,
      0.35714285714285715,
      0.34545454545454546,
      0.3333333333333333,
      0.33962264150943394,
      0.3269230769230769,
      0.3333333333333333,
      0.34,
      0.3469387755102041,
      0.3333333333333333,
      0.3404255319148936,
      0.32608695652173914,
      0.3111111111111111,
      0.29545454545454547,
      0.3023255813953488,
      0.30952380952380953,
      0.3170731707317073,
      0.325,
      0.3333333333333333,
      0.34210526315789475,
      0.35135135135135137,
      0.3333333333333333,
      0.34285714285714286,
      0.35294117647058826,
      0.36363636363636365,
      0.34375,
      0.3548387096774194,
      0.36666666666666664,
      0.3793103448275862,
      0.39285714285714285,
      0.4074074074074074,
      0.38461538461538464,
      0.36,
      0.375,
      0.391304347826087,
      0.4090909090909091,
      0.42857142857142855,
      0.45,
      0.47368421052631576,
      0.5,
      0.47058823529411764,
      0.5,
      0.5333333333333333,
      0.5714285714285714,
      0.6153846153846154,
      0.5833333333333334,
      0.5454545454545454,
      0.6,
      0.6666666666666666,
      0.625,
      0.7142857142857143,
      0.6666666666666666,
      0.8,
      0.75,
      0.6666666666666666,
      1.0,
      1.0,
      1.0
    ],