{
  "auc": 0.47251138581652574,
  "n_train": 380,
  "n_test": 164,
  "trained_at": "202607230724",
  "precision_recall_curve": {
    "precision": [
      0.35365853658536583,
      0.3558282208588957,
      0.35185185185185186,
      0.34782608695652173,
      0.35,
      0.3522012578616352,
      0.34810126582278483,
      0.3503184713375796,
      0.34615384615384615,
      0.34838709677419355,
      0.35064935064935066,
      0.3464052287581699,
      0.34210526315789475,
      0.3443708609271523,
      0.34,
      0.3422818791946309,
      0.33783783783783783,
      0.3401360544217687,
      0.3424657534246575,
      0.3448275862068966,
      0.3402777777777778,
      0.34265734265734266,
      0.3380281690140845,
      0.3404255319148936,
      0.34285714285714286,
      0.34532374100719426,
      0.34057971014492755,
      0.3357664233576642,
      0.3382352941176471,
      0.34074074074074073,
      0.34328358208955223,
      0.3383458646616541,
      0.3409090909090909,
      0.3435114503816794,
      0.34615384615384615,
      0.3488372093023256,
      0.34375,
      0.3464566929133858,
      0.3492063492063492,
      0.344,
      0.3387096774193548,
      0.34146341463414637,
      0.3360655737704918,
      0.33884297520661155,
      0.3416666666666667,
      0.3445378151260504,
      0.3474576271186441,
      0.3504273504273504,
      0.3448275862068966,
      0.34782608695652173,
      0.34210526315789475,
      0.34513274336283184,
      0.3482142857142857,
      0.34234234234234234,
      0.33636363636363636,
      0.3394495412844037,
      0.3333333333333333,
      0.3364485981308411,
      0.330188679245283,
      0.3333333333333333,
      0.3269230769230769,
      0.3300970873786408,
      0.3235294117647059,
      0.32673267326732675,
      0.32,
      0.32323232323232326,
      0.32653061224489793,
      0.32989690721649484,
      0.3333333333333333,
      0.3263157894736842,
      0.32978723404255317,
      0.3333333333333333,
      0.32608695652173914,
      0.32967032967032966,
      0.32222222222222224,
      0.3258426966292135,
      0.32954545454545453,
      0.3333333333333333,
      0.3372093023255814,
      0.3411764705882353,
      0.3333333333333333,
      0.3373493975903614,
      0.34146341463414637,
      0.345679012345679,
      0.35,
      0.35443037974683544,
      0.34615384615384615,
      0.35064935064935066,
      0.34210526315789475,
      0.3466666666666667,
      0.35135135135135137,
      0.3424657534246575,
      0.3472222222222222,
      0.352112676056338,
      0.35714285714285715,
      0.34782608695652173,
      0.3382352941176471,
      0.3283582089552239,
      0.3333333333333333,
      0.3384615384615385,
      0.34375,
      0.3492063492063492,
      0.3548387096774194,
      0.36065573770491804,
      0.35,
      0.3559322033898305,
      0.3448275862068966,
      0.3508771929824561,
      0.35714285714285715,
      0.34545454545454546,
      0.35185185185185186,
      0.3584905660377358,
      0.36538461538461536,
      0.35294117647058826,
      0.36,
      0.3673469387755102,
      0.3541666666666667,
      0.3617021276595745,
      0.34782608695652173,
      0.35555555555555557,
      0.3409090909090909,
      0.32558139534883723,
      0.3333333333333333,
      0.34146341463414637,
      0.35,
      0.3333333333333333,
      0.3157894736842105,
      0.2972972972972973,
      0.3055555555555556,
      0.2857142857142857,
      0.2647058823529412,
      0.2727272727272727,
      0.25,
      0.25806451612903225,
      0.26666666666666666,
      0.27586206896551724,
      0.25,
      0.25925925925925924,
      0.2692307692307692,
      0.28,
      0.2916666666666667,
      0.30434782608695654,
      0.2727272727272727,
      0.2857142857142857,
      0.3,
      0.3157894736842105,
      0.3333333333333333,
      0.35294117647058826,
      0.375,
      0.4,
      0.42857142857142855,
      0.46153846153846156,
      0.5,
      0.45454545454545453,
      0.4,
      0.4444444444444444,
      0.5,
      0.5714285714285714,
      0.6666666666666666,
      0.6,
      0.75,
      0.6666666666666666,
      1.0,
      1.0,
      1.0
    ],