{
  "auc": 0.48926282051282055,
  "n_train": 380,
  "n_test": 164,
  "trained_at": "202607160848",
  "precision_recall_curve": {
    "precision": [
      0.36585365853658536,
      0.36809815950920244,
      0.36419753086419754,
      0.36645962732919257,
      0.36875,
      0.36477987421383645,
      0.36075949367088606,
      0.35668789808917195,
      0.358974358974359,
      0.36129032258064514,
      0.36363636363636365,
      0.3660130718954248,
      0.3618421052631579,
      0.36423841059602646,
      0.36,
      0.35570469798657717,
      0.3581081081081081,
      0.36054421768707484,
      0.3561643835616438,
      0.35172413793103446,
      0.3541666666666667,
      0.35664335664335667,
      0.352112676056338,
      0.3546099290780142,
      0.35714285714285715,
      0.35251798561151076,
      0.34782608695652173,
      0.34306569343065696,
      0.34558823529411764,
      0.34074074074074073,
      0.34328358208955223,
      0.3458646616541353,
      0.3484848484848485,
      0.3511450381679389,
      0.34615384615384615,
      0.3488372093023256,
      0.3515625,
      0.3543307086614173,
      0.3492063492063492,
      0.352,
      0.3548387096774194,
      0.35772357723577236,
      0.3524590163934426,
      0.35537190082644626,
      0.35833333333333334,
      0.35294117647058826,
      0.3559322033898305,
      0.358974358974359,
      0.3620689655172414,
      0.3652173913043478,
      0.3684210526315789,
      0.36283185840707965,
      0.35714285714285715,
      0.36036036036036034,
      0.35454545454545455,
      0.3577981651376147,
      0.35185185185185186,
      0.34579439252336447,
      0.3490566037735849,
      0.3523809523809524,
      0.34615384615384615,
      0.34951456310679613,
      0.35294117647058826,
      0.3465346534653465,
      0.35,
      0.35353535353535354,
      0.35714285714285715,
      0.35051546391752575,
      0.3541666666666667,
      0.3473684210526316,
      0.35106382978723405,
      0.34408602150537637,
      0.34782608695652173,
      0.3516483516483517,
      0.34444444444444444,
      0.34831460674157305,
      0.3522727272727273,
      0.3563218390804598,
      0.3488372093023256,
      0.3411764705882353,
      0.34523809523809523,
      0.3493975903614458,
      0.35365853658536583,
      0.345679012345679,
      0.35,
      0.34177215189873417,
      0.34615384615384615,
      0.35064935064935066,
      0.35526315789473684,
      0.3466666666666667,
      0.35135135135135137,
      0.3561643835616438,
      0.3472222222222222,
      0.3380281690140845,
      0.34285714285714286,
      0.34782608695652173,
      0.35294117647058826,
      0.3582089552238806,
      0.36363636363636365,
      0.36923076923076925,
      0.359375,
      0.3492063492063492,
      0.3548387096774194,
      0.3442622950819672,
      0.35,
      0.3559322033898305,
      0.3620689655172414,
      0.3508771929824561,
      0.35714285714285715,
      0.34545454545454546,
      0.35185185185185186,
      0.3584905660377358,
      0.36538461538461536,
      0.37254901960784315,
      0.36,
      0.3469387755102041,
      0.3541666666666667,
      0.3404255319148936,
      0.34782608695652173,
      0.35555555555555557,
      0.36363636363636365,
      0.37209302325581395,
      0.38095238095238093,
      0.3902439024390244,
      0.4,
      0.41025641025641024,
      0.42105263157894735,
      0.43243243243243246,
      0.4444444444444444,
      0.45714285714285713,
      0.47058823529411764,
      0.48484848484848486,
      0.5,
      0.4838709677419355,
      0.5,
      0.5172413793103449,
      0.5,
      0.5185185185185185,
      0.5,
      0.48,
      0.4583333333333333,
      0.43478260869565216,
      0.45454545454545453,
      0.42857142857142855,
      0.4,
      0.42105263157894735,
      0.3888888888888889,
      0.4117647058823529,
      0.4375,
      0.4666666666666667,
      0.42857142857142855,
      0.38461538461538464,
      0.4166666666666667,
      0.45454545454545453,
      0.5,
      0.4444444444444444,
      0.375,
      0.42857142857142855,
      0.5,
      0.6,
      0.5,
      0.6666666666666666,
      0.5,
      1.0,
      1.0
    ],
    "recall": [
      1.0,
      1.0,
      0.9833333333333333,
      0.9833333333333333,
      0.9833333333333333,
      0.9666666666666667,
      0.95,
      0.9333333333333333,
      0.9333333333333333,
      0.9333333333333333,
      0.9333333333333333,
      0.9333333333333333,
      0.9166666666666666,
      0.9166666666666666,
      0.9,
      0.8833333333333333,
      0.8833333333333333,
      0.8833333333333333,
      0.8666666666666667,
      0.85,
      0.85,
      0.85,
      0.8333333333333334,
      0.8333333333333334,
      0.8333333333333334,
      0.8166666666666667,
      0.8,
      0.7833333333333333,
      0.7833333333333333,
      0.7666666666666667,
      0.7666666666666667,
      0.7666666666666667,
      0.7666666666666667,
      0.7666666666666667,
      0.75,
      0.75,
      0.75,
      0.75,
      0.7333333333333333,
      0.7333333333333333,
      0.7333333333333333,
      0.7333333333333333,
      0.7166666666666667,
      0.7166666666666667,
      0.7166666666666667,
      0.7,
      0.7,
      0.7,
      0.7,
      0.7,
      0.7,
      0.6833333333333333,
      0.6666666666666666,
      0.6666666666666666,
      0.65,
      0.65,
      0.6333333333333333,
      0.6166666666666667,
      0.6166666666666667,
      0.6166666666666667,
      0.6,
      0.6,
      0.6,
      0.5833333333333334,
      0.5833333333333334,
      0.5833333333333334,
      0.5833333333333334,
      0.5666666666666667,
      0.5666666666666667,
      0.55,
      0.55,
      0.5333333333333333,
      0.5333333333333333,
      0.5333333333333333,
      0.5166666666666667,
      0.5166666666666667,
      0.5166666666666667,
      0.5166666666666667,
      0.5,
      0.48333333333333334,
      0.48333333333333334,
      0.48333333333333334,
      0.48333333333333334,
      0.4666666666666667,
      0.4666666666666667,
      0.45,
      0.45,
      0.45,
      0.45,
      0.43333333333333335,
      0.43333333333333335,
      0.43333333333333335,
      0.4166666666666667,
      0.4,
      0.4,
      0.4,
      0.4,
      0.4,
      0.4,
      0.4,
      0.38333333333333336,
      0.36666666666666664,
      0.36666666666666664,
      0.35,
      0.35,
      0.35,
      0.35,
      0.3333333333333333,
      0.3333333333333333,
      0.31666666666666665,
      0.31666666666666665,
      0.31666666666666665,
      0.31666666666666665,
      0.31666666666666665,
      0.3,
      0.2833333333333333,
      0.2833333333333333,
      0.26666666666666666,
      0.26666666666666666,
      0.26666666666666666,
      0.26666666666666666,
      0.26666666666666666,
      0.26666666666666666,
      0.26666666666666666,
      0.26666666666666666,
      0.26666666666666666,
      0.26666666666666666,
      0.26666666666666666,
      0.26666666666666666,
      0.26666666666666666,
      0.26666666666666666,
      0.26666666666666666,
      0.26666666666666666,
      0.25,
      0.25,
      0.25,
      0.23333333333333334,
      0.23333333333333334,
      0.21666666666666667,
      0.2,
      0.18333333333333332,
      0.16666666666666666,
      0.16666666666666666,
      0.15,
      0.13333333333333333,
      0.13333333333333333,
      0.11666666666666667,
      0.11666666666666667,
      0.11666666666666667,
      0.11666666666666667,
      0.1,
      0.08333333333333333,
      0.08333333333333333,
      0.08333333333333333,
      0.08333333333333333,
      0.06666666666666667,
      0.05,
      0.05,
      0.05,
      0.05,
      0.03333333333333333,
      0.03333333333333333,
      0.016666666666666666,
      0.016666666666666666,
      0.0
    ],