{
  "auc": 0.5172692930383163,
  "n_train": 411,
  "n_test": 177,
  "trained_at": "202607240946",
  "precision_recall_curve": {
    "precision": [
      0.384180790960452,
      0.38636363636363635,
      0.38857142857142857,
      0.3850574712643678,
      0.3815028901734104,
      0.38372093023255816,
      0.38011695906432746,
      0.3764705882352941,
      0.378698224852071,
      0.375,
      0.3772455089820359,
      0.3795180722891566,
      0.38181818181818183,
      0.38414634146341464,
      0.3803680981595092,
      0.38271604938271603,
      0.37888198757763975,
      0.38125,
      0.3836477987421384,
      0.3860759493670886,
      0.3885350318471338,
      0.38461538461538464,
      0.3870967741935484,
      0.38311688311688313,
      0.3790849673202614,
      0.375,
      0.37748344370860926,
      0.38,
      0.3825503355704698,
      0.38513513513513514,
      0.3877551020408163,
      0.3835616438356164,
      0.38620689655172413,
      0.3819444444444444,
      0.38461538461538464,
      0.3873239436619718,
      0.3900709219858156,
      0.38571428571428573,
      0.38848920863309355,
      0.38405797101449274,
      0.38686131386861317,
      0.38235294117647056,
      0.37777777777777777,
      0.3805970149253731,
      0.37593984962406013,
      0.3787878787878788,
      0.37404580152671757,
      0.36923076923076925,
      0.3643410852713178,
      0.3671875,
      0.3700787401574803,
      0.36507936507936506,
      0.368,
      0.3709677419354839,
      0.37398373983739835,
      0.3770491803278688,
      0.38016528925619836,
      0.38333333333333336,
      0.3865546218487395,
      0.3813559322033898,
      0.38461538461538464,
      0.3793103448275862,
      0.3826086956521739,
      0.38596491228070173,
      0.3893805309734513,
      0.39285714285714285,
      0.38738738738738737,
      0.39090909090909093,
      0.3944954128440367,
      0.39814814814814814,
      0.40186915887850466,
      0.39622641509433965,
      0.4,
      0.40384615384615385,
      0.39805825242718446,
      0.39215686274509803,
      0.39603960396039606,
      0.4,
      0.40404040404040403,
      0.40816326530612246,
      0.41237113402061853,
      0.4166666666666667,
      0.42105263157894735,
      0.425531914893617,
      0.41935483870967744,
      0.42391304347826086,
      0.42857142857142855,
      0.4222222222222222,
      0.4157303370786517,
      0.4090909090909091,
      0.41379310344827586,
      0.4186046511627907,
      0.4235294117647059,
      0.42857142857142855,
      0.42168674698795183,
      0.4268292682926829,
      0.43209876543209874,
      0.425,
      0.43037974683544306,
      0.4230769230769231,
      0.42857142857142855,
      0.4342105263157895,
      0.44,
      0.44594594594594594,
      0.4383561643835616,
      0.4305555555555556,
      0.43661971830985913,
      0.42857142857142855,
      0.43478260869565216,
      0.4264705882352941,
      0.417910447761194,
      0.42424242424242425,
      0.4153846153846154,
      0.421875,
      0.4126984126984127,
      0.41935483870967744,
      0.4262295081967213,
      0.43333333333333335,
      0.4406779661016949,
      0.43103448275862066,
      0.42105263157894735,
      0.4107142857142857,
      0.41818181818181815,
      0.42592592592592593,
      0.41509433962264153,
      0.40384615384615385,
      0.4117647058823529,
      0.4,
      0.40816326530612246,
      0.4166666666666667,
      0.40425531914893614,
      0.391304347826087,
      0.4,
      0.4090909090909091,
      0.4186046511627907,
      0.42857142857142855,
      0.4146341463414634,
      0.425,
      0.41025641025641024,
      0.39473684210526316,
      0.40540540540540543,
      0.3888888888888889,
      0.4,
      0.38235294117647056,
      0.3939393939393939,
      0.40625,
      0.3870967741935484,
      0.36666666666666664,
      0.3793103448275862,
      0.39285714285714285,
      0.37037037037037035,
      0.38461538461538464,
      0.36,
      0.375,
      0.391304347826087,
      0.36363636363636365,
      0.3333333333333333,
      0.3,
      0.2631578947368421,
      0.2777777777777778,
      0.29411764705882354,
      0.3125,
      0.3333333333333333,
      0.35714285714285715,
      0.38461538461538464,
      0.3333333333333333,
      0.36363636363636365,
      0.4,
      0.3333333333333333,
      0.25,
      0.14285714285714285,
      0.16666666666666666,
      0.2,
      0.25,
      0.3333333333333333,
      0.5,
      1.0,
      1.0
    ],