{
  "auc": 0.5611481975967957,
  "n_train": 413,
  "n_test": 177,
  "trained_at": "202607160824",
  "precision_recall_curve": {
    "precision": [
      0.3954802259887006,
      0.3977272727272727,
      0.4,
      0.40229885057471265,
      0.3988439306358382,
      0.4011627906976744,
      0.40350877192982454,
      0.40588235294117647,
      0.40236686390532544,
      0.40476190476190477,
      0.40718562874251496,
      0.40963855421686746,
      0.40606060606060607,
      0.40853658536585363,
      0.4110429447852761,
      0.41358024691358025,
      0.4161490683229814,
      0.4125,
      0.4088050314465409,
      0.41139240506329117,
      0.4140127388535032,
      0.4166666666666667,
      0.41935483870967744,
      0.42207792207792205,
      0.41830065359477125,
      0.4144736842105263,
      0.4105960264900662,
      0.4066666666666667,
      0.40939597315436244,
      0.40540540540540543,
      0.4013605442176871,
      0.4041095890410959,
      0.4,
      0.4027777777777778,
      0.3986013986013986,
      0.39436619718309857,
      0.3971631205673759,
      0.39285714285714285,
      0.38848920863309355,
      0.391304347826087,
      0.39416058394160586,
      0.39705882352941174,
      0.4,
      0.39552238805970147,
      0.39849624060150374,
      0.4015151515151515,
      0.40458015267175573,
      0.4076923076923077,
      0.4108527131782946,
      0.4140625,
      0.41732283464566927,
      0.4126984126984127,
      0.416,
      0.41935483870967744,
      0.42276422764227645,
      0.4262295081967213,
      0.4297520661157025,
      0.43333333333333335,
      0.4369747899159664,
      0.4406779661016949,
      0.4444444444444444,
      0.4396551724137931,
      0.4434782608695652,
      0.4473684210526316,
      0.45132743362831856,
      0.45535714285714285,
      0.4594594594594595,
      0.4636363636363636,
      0.45871559633027525,
      0.4537037037037037,
      0.4485981308411215,
      0.44339622641509435,
      0.4380952380952381,
      0.4326923076923077,
      0.42718446601941745,
      0.43137254901960786,
      0.43564356435643564,
      0.43,
      0.43434343434343436,
      0.4387755102040816,
      0.44329896907216493,
      0.4479166666666667,
      0.45263157894736844,
      0.4574468085106383,
      0.45161290322580644,
      0.45652173913043476,
      0.45054945054945056,
      0.45555555555555555,
      0.449438202247191,
      0.45454545454545453,
      0.45977011494252873,
      0.46511627906976744,
      0.47058823529411764,
      0.47619047619047616,
      0.4819277108433735,
      0.47560975609756095,
      0.48148148148148145,
      0.4875,
      0.4810126582278481,
      0.47435897435897434,
      0.4675324675324675,
      0.4605263157894737,
      0.4533333333333333,
      0.44594594594594594,
      0.4383561643835616,
      0.4444444444444444,
      0.43661971830985913,
      0.44285714285714284,
      0.43478260869565216,
      0.4264705882352941,
      0.43283582089552236,
      0.42424242424242425,
      0.4307692307692308,
      0.421875,
      0.42857142857142855,
      0.43548387096774194,
      0.4262295081967213,
      0.43333333333333335,
      0.4406779661016949,
      0.43103448275862066,
      0.43859649122807015,
      0.44642857142857145,
      0.45454545454545453,
      0.46296296296296297,
      0.4716981132075472,
      0.46153846153846156,
      0.45098039215686275,
      0.44,
      0.4489795918367347,
      0.4375,
      0.425531914893617,
      0.41304347826086957,
      0.4222222222222222,
      0.4090909090909091,
      0.3953488372093023,
      0.38095238095238093,
      0.36585365853658536,
      0.375,
      0.358974358974359,
      0.3684210526315789,
      0.3783783783783784,
      0.3888888888888889,
      0.4,
      0.4117647058823529,
      0.3939393939393939,
      0.40625,
      0.41935483870967744,
      0.43333333333333335,
      0.4482758620689655,
      0.4642857142857143,
      0.4444444444444444,
      0.46153846153846156,
      0.44,
      0.4166666666666667,
      0.43478260869565216,
      0.4090909090909091,
      0.42857142857142855,
      0.45,
      0.47368421052631576,
      0.5,
      0.5294117647058824,
      0.5625,
      0.5333333333333333,
      0.5,
      0.5384615384615384,
      0.5833333333333334,
      0.5454545454545454,
      0.6,
      0.6666666666666666,
      0.625,
      0.5714285714285714,
      0.5,
      0.4,
      0.25,
      0.3333333333333333,
      0.5,
      1.0,
      1.0
    ],