{
  "auc": 0.5045625335480408,
  "n_train": 412,
  "n_test": 177,
  "trained_at": "202607242039",
  "precision_recall_curve": {
    "precision": [
      0.3898305084745763,
      0.38636363636363635,
      0.38285714285714284,
      0.3793103448275862,
      0.3815028901734104,
      0.37790697674418605,
      0.3742690058479532,
      0.3764705882352941,
      0.378698224852071,
      0.375,
      0.3772455089820359,
      0.3795180722891566,
      0.38181818181818183,
      0.38414634146341464,
      0.38650306748466257,
      0.38271604938271603,
      0.37888198757763975,
      0.38125,
      0.37735849056603776,
      0.379746835443038,
      0.3821656050955414,
      0.38461538461538464,
      0.3870967741935484,
      0.38311688311688313,
      0.38562091503267976,
      0.3881578947368421,
      0.3841059602649007,
      0.38666666666666666,
      0.3825503355704698,
      0.38513513513513514,
      0.38095238095238093,
      0.3835616438356164,
      0.38620689655172413,
      0.3819444444444444,
      0.3776223776223776,
      0.38028169014084506,
      0.375886524822695,
      0.37857142857142856,
      0.381294964028777,
      0.38405797101449274,
      0.38686131386861317,
      0.3897058823529412,
      0.3925925925925926,
      0.39552238805970147,
      0.39849624060150374,
      0.4015151515151515,
      0.40458015267175573,
      0.4076923076923077,
      0.40310077519379844,
      0.3984375,
      0.4015748031496063,
      0.3968253968253968,
      0.392,
      0.3951612903225806,
      0.3902439024390244,
      0.38524590163934425,
      0.38016528925619836,
      0.38333333333333336,
      0.37815126050420167,
      0.3813559322033898,
      0.38461538461538464,
      0.3793103448275862,
      0.3826086956521739,
      0.38596491228070173,
      0.3893805309734513,
      0.39285714285714285,
      0.38738738738738737,
      0.38181818181818183,
      0.3853211009174312,
      0.3888888888888889,
      0.3925233644859813,
      0.39622641509433965,
      0.4,
      0.40384615384615385,
      0.39805825242718446,
      0.39215686274509803,
      0.39603960396039606,
      0.4,
      0.3939393939393939,
      0.3979591836734694,
      0.4020618556701031,
      0.40625,
      0.4105263157894737,
      0.40425531914893614,
      0.3978494623655914,
      0.40217391304347827,
      0.3956043956043956,
      0.3888888888888889,
      0.39325842696629215,
      0.3977272727272727,
      0.39080459770114945,
      0.38372093023255816,
      0.38823529411764707,
      0.39285714285714285,
      0.39759036144578314,
      0.3902439024390244,
      0.3950617283950617,
      0.4,
      0.4050632911392405,
      0.41025641025641024,
      0.4155844155844156,
      0.42105263157894735,
      0.41333333333333333,
      0.4189189189189189,
      0.4246575342465753,
      0.4305555555555556,
      0.4225352112676056,
      0.42857142857142855,
      0.42028985507246375,
      0.4117647058823529,
      0.417910447761194,
      0.42424242424242425,
      0.4153846153846154,
      0.421875,
      0.42857142857142855,
      0.41935483870967744,
      0.4098360655737705,
      0.4166666666666667,
      0.4067796610169492,
      0.41379310344827586,
      0.42105263157894735,
      0.42857142857142855,
      0.41818181818181815,
      0.4074074074074074,
      0.41509433962264153,
      0.4230769230769231,
      0.4117647058823529,
      0.4,
      0.40816326530612246,
      0.3958333333333333,
      0.3829787234042553,
      0.391304347826087,
      0.4,
      0.38636363636363635,
      0.3953488372093023,
      0.40476190476190477,
      0.3902439024390244,
      0.4,
      0.41025641025641024,
      0.39473684210526316,
      0.40540540540540543,
      0.4166666666666667,
      0.42857142857142855,
      0.4117647058823529,
      0.42424242424242425,
      0.40625,
      0.41935483870967744,
      0.43333333333333335,
      0.4482758620689655,
      0.42857142857142855,
      0.4074074074074074,
      0.38461538461538464,
      0.36,
      0.375,
      0.391304347826087,
      0.36363636363636365,
      0.38095238095238093,
      0.35,
      0.3157894736842105,
      0.3333333333333333,
      0.35294117647058826,
      0.375,
      0.4,
      0.42857142857142855,
      0.38461538461538464,
      0.3333333333333333,
      0.36363636363636365,
      0.4,
      0.3333333333333333,
      0.375,
      0.42857142857142855,
      0.3333333333333333,
      0.4,
      0.5,
      0.3333333333333333,
      0.5,
      1.0,
      1.0
    ],