{
  "auc": 0.5507246376811594,
  "n_train": 413,
  "n_test": 178,
  "trained_at": "202607211922",
  "precision_recall_curve": {
    "precision": [
      0.38764044943820225,
      0.3898305084745763,
      0.38636363636363635,
      0.38857142857142857,
      0.39080459770114945,
      0.3930635838150289,
      0.38953488372093026,
      0.38596491228070173,
      0.38823529411764707,
      0.38461538461538464,
      0.3869047619047619,
      0.38323353293413176,
      0.3795180722891566,
      0.38181818181818183,
      0.38414634146341464,
      0.38650306748466257,
      0.3888888888888889,
      0.391304347826087,
      0.39375,
      0.39622641509433965,
      0.3987341772151899,
      0.4012738853503185,
      0.40384615384615385,
      0.4,
      0.3961038961038961,
      0.39215686274509803,
      0.39473684210526316,
      0.39072847682119205,
      0.3933333333333333,
      0.3959731543624161,
      0.39864864864864863,
      0.3945578231292517,
      0.3972602739726027,
      0.3931034482758621,
      0.3888888888888889,
      0.3916083916083916,
      0.39436619718309857,
      0.3971631205673759,
      0.4,
      0.4028776978417266,
      0.4057971014492754,
      0.40145985401459855,
      0.40441176470588236,
      0.4,
      0.40298507462686567,
      0.40601503759398494,
      0.4090909090909091,
      0.40458015267175573,
      0.4,
      0.3953488372093023,
      0.3984375,
      0.4015748031496063,
      0.3968253968253968,
      0.4,
      0.4032258064516129,
      0.4065040650406504,
      0.4098360655737705,
      0.4132231404958678,
      0.4083333333333333,
      0.4117647058823529,
      0.4067796610169492,
      0.41025641025641024,
      0.41379310344827586,
      0.40869565217391307,
      0.41228070175438597,
      0.40707964601769914,
      0.4017857142857143,
      0.40540540540540543,
      0.4,
      0.4036697247706422,
      0.4074074074074074,
      0.40186915887850466,
      0.39622641509433965,
      0.4,
      0.40384615384615385,
      0.39805825242718446,
      0.4019607843137255,
      0.40594059405940597,
      0.41,
      0.41414141414141414,
      0.41836734693877553,
      0.41237113402061853,
      0.40625,
      0.4105263157894737,
      0.4148936170212766,
      0.41935483870967744,
      0.42391304347826086,
      0.42857142857142855,
      0.43333333333333335,
      0.43820224719101125,
      0.4318181818181818,
      0.4367816091954023,
      0.4418604651162791,
      0.4470588235294118,
      0.4523809523809524,
      0.4578313253012048,
      0.45121951219512196,
      0.4567901234567901,
      0.4625,
      0.45569620253164556,
      0.46153846153846156,
      0.45454545454545453,
      0.4605263157894737,
      0.4666666666666667,
      0.47297297297297297,
      0.4657534246575342,
      0.4722222222222222,
      0.4647887323943662,
      0.45714285714285713,
      0.463768115942029,
      0.47058823529411764,
      0.4626865671641791,
      0.4696969696969697,
      0.47692307692307695,
      0.484375,
      0.47619047619047616,
      0.46774193548387094,
      0.45901639344262296,
      0.4666666666666667,
      0.4745762711864407,
      0.4827586206896552,
      0.47368421052631576,
      0.4642857142857143,
      0.4727272727272727,
      0.46296296296296297,
      0.4528301886792453,
      0.4423076923076923,
      0.45098039215686275,
      0.46,
      0.4489795918367347,
      0.4583333333333333,
      0.44680851063829785,
      0.43478260869565216,
      0.4444444444444444,
      0.45454545454545453,
      0.46511627906976744,
      0.4523809523809524,
      0.4634146341463415,
      0.45,
      0.4358974358974359,
      0.42105263157894735,
      0.40540540540540543,
      0.3888888888888889,
      0.37142857142857144,
      0.38235294117647056,
      0.3939393939393939,
      0.375,
      0.3870967741935484,
      0.36666666666666664,
      0.3793103448275862,
      0.39285714285714285,
      0.4074074074074074,
      0.4230769230769231,
      0.4,
      0.4166666666666667,
      0.43478260869565216,
      0.4090909090909091,
      0.38095238095238093,
      0.4,
      0.3684210526315789,
      0.3888888888888889,
      0.4117647058823529,
      0.4375,
      0.4666666666666667,
      0.42857142857142855,
      0.46153846153846156,
      0.5,
      0.5454545454545454,
      0.5,
      0.4444444444444444,
      0.5,
      0.42857142857142855,
      0.5,
      0.6,
      0.5,
      0.3333333333333333,
      0.5,
      1.0,
      1.0
    ],