{
  "auc": 0.5553157042633567,
  "n_train": 413,
  "n_test": 177,
  "trained_at": "202607230708",
  "precision_recall_curve": {
    "precision": [
      0.384180790960452,
      0.38636363636363635,
      0.38285714285714284,
      0.3850574712643678,
      0.3815028901734104,
      0.38372093023255816,
      0.38011695906432746,
      0.38235294117647056,
      0.38461538461538464,
      0.3869047619047619,
      0.38323353293413176,
      0.3855421686746988,
      0.38181818181818183,
      0.3780487804878049,
      0.3803680981595092,
      0.38271604938271603,
      0.38509316770186336,
      0.38125,
      0.3836477987421384,
      0.3860759493670886,
      0.3821656050955414,
      0.38461538461538464,
      0.3870967741935484,
      0.38961038961038963,
      0.38562091503267976,
      0.3881578947368421,
      0.39072847682119205,
      0.38666666666666666,
      0.38926174496644295,
      0.3918918918918919,
      0.3945578231292517,
      0.3972602739726027,
      0.4,
      0.3958333333333333,
      0.3986013986013986,
      0.4014084507042254,
      0.40425531914893614,
      0.40714285714285714,
      0.41007194244604317,
      0.4057971014492754,
      0.40145985401459855,
      0.40441176470588236,
      0.4074074074074074,
      0.41044776119402987,
      0.40601503759398494,
      0.4090909090909091,
      0.40458015267175573,
      0.4076923076923077,
      0.4108527131782946,
      0.40625,
      0.4094488188976378,
      0.4126984126984127,
      0.408,
      0.4032258064516129,
      0.3983739837398374,
      0.39344262295081966,
      0.39669421487603307,
      0.39166666666666666,
      0.3865546218487395,
      0.3813559322033898,
      0.38461538461538464,
      0.3879310344827586,
      0.391304347826087,
      0.39473684210526316,
      0.39823008849557523,
      0.4017857142857143,
      0.40540540540540543,
      0.4,
      0.3944954128440367,
      0.39814814814814814,
      0.40186915887850466,
      0.39622641509433965,
      0.4,
      0.3942307692307692,
      0.39805825242718446,
      0.4019607843137255,
      0.40594059405940597,
      0.41,
      0.41414141414141414,
      0.41836734693877553,
      0.41237113402061853,
      0.4166666666666667,
      0.42105263157894735,
      0.425531914893617,
      0.43010752688172044,
      0.43478260869565216,
      0.42857142857142855,
      0.43333333333333335,
      0.43820224719101125,
      0.4431818181818182,
      0.4482758620689655,
      0.4418604651162791,
      0.4470588235294118,
      0.4523809523809524,
      0.4578313253012048,
      0.45121951219512196,
      0.4567901234567901,
      0.45,
      0.4430379746835443,
      0.4358974358974359,
      0.44155844155844154,
      0.4473684210526316,
      0.4533333333333333,
      0.4594594594594595,
      0.4520547945205479,
      0.4583333333333333,
      0.4507042253521127,
      0.45714285714285713,
      0.463768115942029,
      0.45588235294117646,
      0.4626865671641791,
      0.45454545454545453,
      0.46153846153846156,
      0.46875,
      0.4603174603174603,
      0.45161290322580644,
      0.45901639344262296,
      0.45,
      0.4576271186440678,
      0.4482758620689655,
      0.43859649122807015,
      0.44642857142857145,
      0.45454545454545453,
      0.46296296296296297,
      0.4716981132075472,
      0.46153846153846156,
      0.47058823529411764,
      0.48,
      0.46938775510204084,
      0.4583333333333333,
      0.44680851063829785,
      0.43478260869565216,
      0.4444444444444444,
      0.4318181818181818,
      0.4186046511627907,
      0.40476190476190477,
      0.4146341463414634,
      0.425,
      0.4358974358974359,
      0.42105263157894735,
      0.43243243243243246,
      0.4444444444444444,
      0.45714285714285713,
      0.4411764705882353,
      0.45454545454545453,
      0.46875,
      0.4838709677419355,
      0.5,
      0.5172413793103449,
      0.5,
      0.48148148148148145,
      0.46153846153846156,
      0.44,
      0.4583333333333333,
      0.43478260869565216,
      0.45454545454545453,
      0.42857142857142855,
      0.4,
      0.3684210526315789,
      0.3888888888888889,
      0.4117647058823529,
      0.4375,
      0.4666666666666667,
      0.5,
      0.5384615384615384,
      0.5833333333333334,
      0.5454545454545454,
      0.5,
      0.5555555555555556,
      0.5,
      0.42857142857142855,
      0.3333333333333333,
      0.4,
      0.5,
      0.3333333333333333,
      0.5,
      1.0,
      1.0
    ],