{
  "auc": 0.5833698990785432,
  "n_train": 322,
  "n_test": 139,
  "trained_at": "202607242021",
  "precision_recall_curve": {
    "precision": [
      0.381294964028777,
      0.38405797101449274,
      0.38686131386861317,
      0.3897058823529412,
      0.3851851851851852,
      0.3880597014925373,
      0.39097744360902253,
      0.3939393939393939,
      0.3969465648854962,
      0.4,
      0.40310077519379844,
      0.40625,
      0.4094488188976378,
      0.40476190476190477,
      0.408,
      0.4112903225806452,
      0.4065040650406504,
      0.4098360655737705,
      0.4132231404958678,
      0.4083333333333333,
      0.40336134453781514,
      0.4067796610169492,
      0.41025641025641024,
      0.4051724137931034,
      0.40869565217391307,
      0.41228070175438597,
      0.415929203539823,
      0.41964285714285715,
      0.42342342342342343,
      0.42727272727272725,
      0.43119266055045874,
      0.42592592592592593,
      0.4205607476635514,
      0.42452830188679247,
      0.41904761904761906,
      0.4230769230769231,
      0.4174757281553398,
      0.4117647058823529,
      0.40594059405940597,
      0.41,
      0.40404040404040403,
      0.3979591836734694,
      0.4020618556701031,
      0.40625,
      0.4105263157894737,
      0.4148936170212766,
      0.41935483870967744,
      0.41304347826086957,
      0.4175824175824176,
      0.4111111111111111,
      0.4157303370786517,
      0.4090909090909091,
      0.41379310344827586,
      0.4069767441860465,
      0.4117647058823529,
      0.40476190476190477,
      0.40963855421686746,
      0.4146341463414634,
      0.4074074074074074,
      0.4125,
      0.4177215189873418,
      0.41025641025641024,
      0.4155844155844156,
      0.42105263157894735,
      0.4266666666666667,
      0.43243243243243246,
      0.4383561643835616,
      0.4444444444444444,
      0.4507042253521127,
      0.45714285714285713,
      0.463768115942029,
      0.45588235294117646,
      0.44776119402985076,
      0.4393939393939394,
      0.4307692307692308,
      0.421875,
      0.42857142857142855,
      0.43548387096774194,
      0.4426229508196721,
      0.43333333333333335,
      0.4406779661016949,
      0.4482758620689655,
      0.43859649122807015,
      0.42857142857142855,
      0.43636363636363634,
      0.4444444444444444,
      0.4339622641509434,
      0.4230769230769231,
      0.43137254901960786,
      0.44,
      0.4489795918367347,
      0.4583333333333333,
      0.44680851063829785,
      0.45652173913043476,
      0.4666666666666667,
      0.45454545454545453,
      0.4418604651162791,
      0.4523809523809524,
      0.43902439024390244,
      0.425,
      0.4358974358974359,
      0.42105263157894735,
      0.40540540540540543,
      0.3888888888888889,
      0.4,
      0.38235294117647056,
      0.3939393939393939,
      0.40625,
      0.41935483870967744,
      0.43333333333333335,
      0.4482758620689655,
      0.42857142857142855,
      0.4444444444444444,
      0.46153846153846156,
      0.44,
      0.4583333333333333,
      0.4782608695652174,
      0.45454545454545453,
      0.47619047619047616,
      0.5,
      0.5263157894736842,
      0.5,
      0.5294117647058824,
      0.5625,
      0.5333333333333333,
      0.5714285714285714,
      0.6153846153846154,
      0.6666666666666666,
      0.7272727272727273,
      0.7,
      0.7777777777777778,
      0.75,
      0.7142857142857143,
      0.8333333333333334,
      0.8,
      0.75,
      0.6666666666666666,
      0.5,
      0.0,
      1.0
    ],
    "recall": [
      1.0,
      1.0,
      1.0,
      1.0,
      0.9811320754716981,
      0.9811320754716981,
      0.9811320754716981,
      0.9811320754716981,
      0.9811320754716981,
      0.9811320754716981,
      0.9811320754716981,
      0.9811320754716981,
      0.9811320754716981,
      0.9622641509433962,
      0.9622641509433962,
      0.9622641509433962,
      0.9433962264150944,
      0.9433962264150944,
      0.9433962264150944,
      0.9245283018867925,
      0.9056603773584906,
      0.9056603773584906,
      0.9056603773584906,
      0.8867924528301887,
      0.8867924528301887,
      0.8867924528301887,
      0.8867924528301887,
      0.8867924528301887,
      0.8867924528301887,
      0.8867924528301887,
      0.8867924528301887,
      0.8679245283018868,
      0.8490566037735849,
      0.8490566037735849,
      0.8301886792452831,
      0.8301886792452831,
      0.8113207547169812,
      0.7924528301886793,
      0.7735849056603774,
      0.7735849056603774,
      0.7547169811320755,
      0.7358490566037735,
      0.7358490566037735,
      0.7358490566037735,
      0.7358490566037735,
      0.7358490566037735,
      0.7358490566037735,
      0.7169811320754716,
      0.7169811320754716,
      0.6981132075471698,
      0.6981132075471698,
      0.6792452830188679,
      0.6792452830188679,
      0.660377358490566,
      0.660377358490566,
      0.6415094339622641,
      0.6415094339622641,
      0.6415094339622641,
      0.6226415094339622,
      0.6226415094339622,
      0.6226415094339622,
      0.6037735849056604,
      0.6037735849056604,
      0.6037735849056604,
      0.6037735849056604,
      0.6037735849056604,
      0.6037735849056604,
      0.6037735849056604,
      0.6037735849056604,
      0.6037735849056604,
      0.6037735849056604,
      0.5849056603773585,
      0.5660377358490566,
      0.5471698113207547,
      0.5283018867924528,
      0.5094339622641509,
      0.5094339622641509,
      0.5094339622641509,
      0.5094339622641509,
      0.49056603773584906,
      0.49056603773584906,
      0.49056603773584906,
      0.4716981132075472,
      0.4528301886792453,
      0.4528301886792453,
      0.4528301886792453,
      0.4339622641509434,
      0.41509433962264153,
      0.41509433962264153,
      0.41509433962264153,
      0.41509433962264153,
      0.41509433962264153,
      0.39622641509433965,
      0.39622641509433965,
      0.39622641509433965,
      0.37735849056603776,
      0.3584905660377358,
      0.3584905660377358,
      0.33962264150943394,
      0.32075471698113206,
      0.32075471698113206,
      0.3018867924528302,
      0.2830188679245283,
      0.2641509433962264,
      0.2641509433962264,
      0.24528301886792453,
      0.24528301886792453,
      0.24528301886792453,
      0.24528301886792453,
      0.24528301886792453,
      0.24528301886792453,
      0.22641509433962265,
      0.22641509433962265,
      0.22641509433962265,
      0.20754716981132076,
      0.20754716981132076,
      0.20754716981132076,
      0.18867924528301888,
      0.18867924528301888,
      0.18867924528301888,
      0.18867924528301888,
      0.16981132075471697,
      0.16981132075471697,
      0.16981132075471697,
      0.1509433962264151,
      0.1509433962264151,
      0.1509433962264151,
      0.1509433962264151,
      0.1509433962264151,
      0.1320754716981132,
      0.1320754716981132,
      0.11320754716981132,
      0.09433962264150944,
      0.09433962264150944,
      0.07547169811320754,
      0.05660377358490566,
      0.03773584905660377,
      0.018867924528301886,
      0.0,
      0.0
    ],