{
  "auc": 0.5930944055944056,
  "n_train": 324,
  "n_test": 140,
  "trained_at": "202607211910",
  "precision_recall_curve": {
    "precision": [
      0.37142857142857144,
      0.37410071942446044,
      0.37681159420289856,
      0.3795620437956204,
      0.38235294117647056,
      0.3851851851851852,
      0.3880597014925373,
      0.39097744360902253,
      0.3939393939393939,
      0.3969465648854962,
      0.3923076923076923,
      0.3953488372093023,
      0.3984375,
      0.4015748031496063,
      0.40476190476190477,
      0.4,
      0.4032258064516129,
      0.3983739837398374,
      0.4016393442622951,
      0.4049586776859504,
      0.4083333333333333,
      0.4117647058823529,
      0.4152542372881356,
      0.4188034188034188,
      0.4224137931034483,
      0.4260869565217391,
      0.4298245614035088,
      0.4336283185840708,
      0.4375,
      0.43243243243243246,
      0.42727272727272725,
      0.42201834862385323,
      0.42592592592592593,
      0.42990654205607476,
      0.42452830188679247,
      0.42857142857142855,
      0.4230769230769231,
      0.42718446601941745,
      0.43137254901960786,
      0.43564356435643564,
      0.43,
      0.43434343434343436,
      0.42857142857142855,
      0.422680412371134,
      0.4166666666666667,
      0.42105263157894735,
      0.425531914893617,
      0.41935483870967744,
      0.41304347826086957,
      0.4065934065934066,
      0.4,
      0.4044943820224719,
      0.3977272727272727,
      0.40229885057471265,
      0.4069767441860465,
      0.4,
      0.40476190476190477,
      0.40963855421686746,
      0.4146341463414634,
      0.41975308641975306,
      0.4125,
      0.4177215189873418,
      0.4230769230769231,
      0.4155844155844156,
      0.42105263157894735,
      0.4266666666666667,
      0.4189189189189189,
      0.410958904109589,
      0.4166666666666667,
      0.4084507042253521,
      0.4,
      0.4057971014492754,
      0.4117647058823529,
      0.40298507462686567,
      0.4090909090909091,
      0.4153846153846154,
      0.40625,
      0.4126984126984127,
      0.41935483870967744,
      0.4262295081967213,
      0.4166666666666667,
      0.4067796610169492,
      0.41379310344827586,
      0.42105263157894735,
      0.4107142857142857,
      0.41818181818181815,
      0.4074074074074074,
      0.41509433962264153,
      0.4230769230769231,
      0.43137254901960786,
      0.42,
      0.42857142857142855,
      0.4375,
      0.44680851063829785,
      0.45652173913043476,
      0.4666666666666667,
      0.4772727272727273,
      0.46511627906976744,
      0.47619047619047616,
      0.4634146341463415,
      0.475,
      0.46153846153846156,
      0.4473684210526316,
      0.4594594594594595,
      0.4444444444444444,
      0.45714285714285713,
      0.4411764705882353,
      0.45454545454545453,
      0.4375,
      0.45161290322580644,
      0.43333333333333335,
      0.41379310344827586,
      0.42857142857142855,
      0.4444444444444444,
      0.4230769230769231,
      0.4,
      0.375,
      0.34782608695652173,
      0.36363636363636365,
      0.38095238095238093,
      0.4,
      0.42105263157894735,
      0.3888888888888889,
      0.4117647058823529,
      0.4375,
      0.4666666666666667,
      0.5,
      0.46153846153846156,
      0.5,
      0.45454545454545453,
      0.5,
      0.5555555555555556,
      0.5,
      0.5714285714285714,
      0.5,
      0.4,
      0.5,
      0.3333333333333333,
      0.5,
      0.0,
      1.0
    ],
    "recall": [
      1.0,
      1.0,
      1.0,
      1.0,
      1.0,
      1.0,
      1.0,
      1.0,
      1.0,
      1.0,
      0.9807692307692307,
      0.9807692307692307,
      0.9807692307692307,
      0.9807692307692307,
      0.9807692307692307,
      0.9615384615384616,
      0.9615384615384616,
      0.9423076923076923,
      0.9423076923076923,
      0.9423076923076923,
      0.9423076923076923,
      0.9423076923076923,
      0.9423076923076923,
      0.9423076923076923,
      0.9423076923076923,
      0.9423076923076923,
      0.9423076923076923,
      0.9423076923076923,
      0.9423076923076923,
      0.9230769230769231,
      0.9038461538461539,
      0.8846153846153846,
      0.8846153846153846,
      0.8846153846153846,
      0.8653846153846154,
      0.8653846153846154,
      0.8461538461538461,
      0.8461538461538461,
      0.8461538461538461,
      0.8461538461538461,
      0.8269230769230769,
      0.8269230769230769,
      0.8076923076923077,
      0.7884615384615384,
      0.7692307692307693,
      0.7692307692307693,
      0.7692307692307693,
      0.75,
      0.7307692307692307,
      0.7115384615384616,
      0.6923076923076923,
      0.6923076923076923,
      0.6730769230769231,
      0.6730769230769231,
      0.6730769230769231,
      0.6538461538461539,
      0.6538461538461539,
      0.6538461538461539,
      0.6538461538461539,
      0.6538461538461539,
      0.6346153846153846,
      0.6346153846153846,
      0.6346153846153846,
      0.6153846153846154,
      0.6153846153846154,
      0.6153846153846154,
      0.5961538461538461,
      0.5769230769230769,
      0.5769230769230769,
      0.5576923076923077,
      0.5384615384615384,
      0.5384615384615384,
      0.5384615384615384,
      0.5192307692307693,
      0.5192307692307693,
      0.5192307692307693,
      0.5,
      0.5,
      0.5,
      0.5,
      0.4807692307692308,
      0.46153846153846156,
      0.46153846153846156,
      0.46153846153846156,
      0.4423076923076923,
      0.4423076923076923,
      0.4230769230769231,
      0.4230769230769231,
      0.4230769230769231,
      0.4230769230769231,
      0.40384615384615385,
      0.40384615384615385,
      0.40384615384615385,
      0.40384615384615385,
      0.40384615384615385,
      0.40384615384615385,
      0.40384615384615385,
      0.38461538461538464,
      0.38461538461538464,
      0.36538461538461536,
      0.36538461538461536,
      0.34615384615384615,
      0.3269230769230769,
      0.3269230769230769,
      0.3076923076923077,
      0.3076923076923077,
      0.28846153846153844,
      0.28846153846153844,
      0.2692307692307692,
      0.2692307692307692,
      0.25,
      0.23076923076923078,
      0.23076923076923078,
      0.23076923076923078,
      0.21153846153846154,
      0.19230769230769232,
      0.17307692307692307,
      0.15384615384615385,
      0.15384615384615385,
      0.15384615384615385,
      0.15384615384615385,
      0.15384615384615385,
      0.1346153846153846,
      0.1346153846153846,
      0.1346153846153846,
      0.1346153846153846,
      0.1346153846153846,
      0.11538461538461539,
      0.11538461538461539,
      0.09615384615384616,
      0.09615384615384616,
      0.09615384615384616,
      0.07692307692307693,
      0.07692307692307693,
      0.057692307692307696,
      0.038461538461538464,
      0.038461538461538464,
      0.019230769230769232,
      0.019230769230769232,
      0.0,
      0.0
    ],