{
  "auc": 0.5755826859045505,
  "n_train": 320,
  "n_test": 138,
  "trained_at": "202607160806",
  "precision_recall_curve": {
    "precision": [
      0.38405797101449274,
      0.38686131386861317,
      0.3897058823529412,
      0.3925925925925926,
      0.39552238805970147,
      0.39097744360902253,
      0.3939393939393939,
      0.3969465648854962,
      0.3923076923076923,
      0.3953488372093023,
      0.3984375,
      0.4015748031496063,
      0.40476190476190477,
      0.408,
      0.4032258064516129,
      0.3983739837398374,
      0.4016393442622951,
      0.4049586776859504,
      0.4083333333333333,
      0.4117647058823529,
      0.4152542372881356,
      0.4188034188034188,
      0.41379310344827586,
      0.40869565217391307,
      0.41228070175438597,
      0.40707964601769914,
      0.4017857142857143,
      0.3963963963963964,
      0.4,
      0.4036697247706422,
      0.4074074074074074,
      0.411214953271028,
      0.41509433962264153,
      0.41904761904761906,
      0.41346153846153844,
      0.4174757281553398,
      0.4215686274509804,
      0.4158415841584158,
      0.42,
      0.41414141414141414,
      0.40816326530612246,
      0.4020618556701031,
      0.3958333333333333,
      0.4,
      0.40425531914893614,
      0.40860215053763443,
      0.40217391304347827,
      0.3956043956043956,
      0.4,
      0.4044943820224719,
      0.3977272727272727,
      0.40229885057471265,
      0.3953488372093023,
      0.4,
      0.40476190476190477,
      0.40963855421686746,
      0.4146341463414634,
      0.4074074074074074,
      0.4125,
      0.4177215189873418,
      0.41025641025641024,
      0.4155844155844156,
      0.40789473684210525,
      0.41333333333333333,
      0.40540540540540543,
      0.410958904109589,
      0.4166666666666667,
      0.4225352112676056,
      0.42857142857142855,
      0.42028985507246375,
      0.4264705882352941,
      0.43283582089552236,
      0.4393939393939394,
      0.4461538461538462,
      0.4375,
      0.42857142857142855,
      0.43548387096774194,
      0.4262295081967213,
      0.43333333333333335,
      0.423728813559322,
      0.41379310344827586,
      0.42105263157894735,
      0.42857142857142855,
      0.41818181818181815,
      0.4074074074074074,
      0.41509433962264153,
      0.4230769230769231,
      0.43137254901960786,
      0.42,
      0.42857142857142855,
      0.4375,
      0.44680851063829785,
      0.43478260869565216,
      0.4222222222222222,
      0.4090909090909091,
      0.4186046511627907,
      0.42857142857142855,
      0.43902439024390244,
      0.425,
      0.4358974358974359,
      0.42105263157894735,
      0.43243243243243246,
      0.4444444444444444,
      0.45714285714285713,
      0.47058823529411764,
      0.48484848484848486,
      0.5,
      0.5161290322580645,
      0.5,
      0.5172413793103449,
      0.5,
      0.5185185185185185,
      0.5384615384615384,
      0.56,
      0.5833333333333334,
      0.5652173913043478,
      0.5909090909090909,
      0.6190476190476191,
      0.6,
      0.631578947368421,
      0.6111111111111112,
      0.5882352941176471,
      0.5625,
      0.5333333333333333,
      0.5714285714285714,
      0.5384615384615384,
      0.5833333333333334,
      0.6363636363636364,
      0.6,
      0.6666666666666666,
      0.75,
      0.8571428571428571,
      0.8333333333333334,
      1.0,
      1.0,
      1.0,
      1.0,
      1.0,
      1.0
    ],
    "recall": [
      1.0,
      1.0,
      1.0,
      1.0,
      1.0,
      0.9811320754716981,
      0.9811320754716981,
      0.9811320754716981,
      0.9622641509433962,
      0.9622641509433962,
      0.9622641509433962,
      0.9622641509433962,
      0.9622641509433962,
      0.9622641509433962,
      0.9433962264150944,
      0.9245283018867925,
      0.9245283018867925,
      0.9245283018867925,
      0.9245283018867925,
      0.9245283018867925,
      0.9245283018867925,
      0.9245283018867925,
      0.9056603773584906,
      0.8867924528301887,
      0.8867924528301887,
      0.8679245283018868,
      0.8490566037735849,
      0.8301886792452831,
      0.8301886792452831,
      0.8301886792452831,
      0.8301886792452831,
      0.8301886792452831,
      0.8301886792452831,
      0.8301886792452831,
      0.8113207547169812,
      0.8113207547169812,
      0.8113207547169812,
      0.7924528301886793,
      0.7924528301886793,
      0.7735849056603774,
      0.7547169811320755,
      0.7358490566037735,
      0.7169811320754716,
      0.7169811320754716,
      0.7169811320754716,
      0.7169811320754716,
      0.6981132075471698,
      0.6792452830188679,
      0.6792452830188679,
      0.6792452830188679,
      0.660377358490566,
      0.660377358490566,
      0.6415094339622641,
      0.6415094339622641,
      0.6415094339622641,
      0.6415094339622641,
      0.6415094339622641,
      0.6226415094339622,
      0.6226415094339622,
      0.6226415094339622,
      0.6037735849056604,
      0.6037735849056604,
      0.5849056603773585,
      0.5849056603773585,
      0.5660377358490566,
      0.5660377358490566,
      0.5660377358490566,
      0.5660377358490566,
      0.5660377358490566,
      0.5471698113207547,
      0.5471698113207547,
      0.5471698113207547,
      0.5471698113207547,
      0.5471698113207547,
      0.5283018867924528,
      0.5094339622641509,
      0.5094339622641509,
      0.49056603773584906,
      0.49056603773584906,
      0.4716981132075472,
      0.4528301886792453,
      0.4528301886792453,
      0.4528301886792453,
      0.4339622641509434,
      0.41509433962264153,
      0.41509433962264153,
      0.41509433962264153,
      0.41509433962264153,
      0.39622641509433965,
      0.39622641509433965,
      0.39622641509433965,
      0.39622641509433965,
      0.37735849056603776,
      0.3584905660377358,
      0.33962264150943394,
      0.33962264150943394,
      0.33962264150943394,
      0.33962264150943394,
      0.32075471698113206,
      0.32075471698113206,
      0.3018867924528302,
      0.3018867924528302,
      0.3018867924528302,
      0.3018867924528302,
      0.3018867924528302,
      0.3018867924528302,
      0.3018867924528302,
      0.3018867924528302,
      0.2830188679245283,
      0.2830188679245283,
      0.2641509433962264,
      0.2641509433962264,
      0.2641509433962264,
      0.2641509433962264,
      0.2641509433962264,
      0.24528301886792453,
      0.24528301886792453,
      0.24528301886792453,
      0.22641509433962265,
      0.22641509433962265,
      0.20754716981132076,
      0.18867924528301888,
      0.16981132075471697,
      0.1509433962264151,
      0.1509433962264151,
      0.1320754716981132,
      0.1320754716981132,
      0.1320754716981132,
      0.11320754716981132,
      0.11320754716981132,
      0.11320754716981132,
      0.11320754716981132,
      0.09433962264150944,
      0.09433962264150944,
      0.07547169811320754,
      0.05660377358490566,
      0.03773584905660377,
      0.018867924528301886,
      0.0
    ],