{
  "auc": 0.6147214854111406,
  "n_train": 323,
  "n_test": 139,
  "trained_at": "202607230656",
  "precision_recall_curve": {
    "precision": [
      0.37410071942446044,
      0.37681159420289856,
      0.3795620437956204,
      0.38235294117647056,
      0.3851851851851852,
      0.3805970149253731,
      0.38345864661654133,
      0.38636363636363635,
      0.3816793893129771,
      0.38461538461538464,
      0.3875968992248062,
      0.390625,
      0.3937007874015748,
      0.3968253968253968,
      0.4,
      0.4032258064516129,
      0.4065040650406504,
      0.4098360655737705,
      0.4132231404958678,
      0.4166666666666667,
      0.4117647058823529,
      0.4152542372881356,
      0.4188034188034188,
      0.4224137931034483,
      0.4260869565217391,
      0.4298245614035088,
      0.4336283185840708,
      0.42857142857142855,
      0.43243243243243246,
      0.43636363636363634,
      0.43119266055045874,
      0.4351851851851852,
      0.4392523364485981,
      0.4339622641509434,
      0.4380952380952381,
      0.4326923076923077,
      0.42718446601941745,
      0.4215686274509804,
      0.42574257425742573,
      0.43,
      0.42424242424242425,
      0.42857142857142855,
      0.4329896907216495,
      0.4375,
      0.43157894736842106,
      0.43617021276595747,
      0.44086021505376344,
      0.43478260869565216,
      0.42857142857142855,
      0.43333333333333335,
      0.43820224719101125,
      0.4318181818181818,
      0.42528735632183906,
      0.43023255813953487,
      0.43529411764705883,
      0.44047619047619047,
      0.4457831325301205,
      0.45121951219512196,
      0.4567901234567901,
      0.45,
      0.4430379746835443,
      0.44871794871794873,
      0.44155844155844154,
      0.4473684210526316,
      0.44,
      0.43243243243243246,
      0.4246575342465753,
      0.4305555555555556,
      0.43661971830985913,
      0.42857142857142855,
      0.43478260869565216,
      0.4411764705882353,
      0.44776119402985076,
      0.45454545454545453,
      0.4461538461538462,
      0.453125,
      0.4603174603174603,
      0.46774193548387094,
      0.45901639344262296,
      0.4666666666666667,
      0.4576271186440678,
      0.46551724137931033,
      0.47368421052631576,
      0.4642857142857143,
      0.45454545454545453,
      0.46296296296296297,
      0.4716981132075472,
      0.46153846153846156,
      0.47058823529411764,
      0.48,
      0.46938775510204084,
      0.4583333333333333,
      0.46808510638297873,
      0.45652173913043476,
      0.4444444444444444,
      0.45454545454545453,
      0.46511627906976744,
      0.4523809523809524,
      0.4634146341463415,
      0.45,
      0.46153846153846156,
      0.4473684210526316,
      0.43243243243243246,
      0.4166666666666667,
      0.4,
      0.4117647058823529,
      0.42424242424242425,
      0.4375,
      0.41935483870967744,
      0.43333333333333335,
      0.41379310344827586,
      0.42857142857142855,
      0.4074074074074074,
      0.4230769230769231,
      0.4,
      0.375,
      0.391304347826087,
      0.4090909090909091,
      0.42857142857142855,
      0.45,
      0.42105263157894735,
      0.4444444444444444,
      0.47058823529411764,
      0.4375,
      0.4666666666666667,
      0.5,
      0.5384615384615384,
      0.5833333333333334,
      0.6363636363636364,
      0.6,
      0.6666666666666666,
      0.75,
      0.7142857142857143,
      0.6666666666666666,
      0.6,
      0.75,
      0.6666666666666666,
      0.5,
      0.0,
      1.0
    ],
    "recall": [
      1.0,
      1.0,
      1.0,
      1.0,
      1.0,
      0.9807692307692307,
      0.9807692307692307,
      0.9807692307692307,
      0.9615384615384616,
      0.9615384615384616,
      0.9615384615384616,
      0.9615384615384616,
      0.9615384615384616,
      0.9615384615384616,
      0.9615384615384616,
      0.9615384615384616,
      0.9615384615384616,
      0.9615384615384616,
      0.9615384615384616,
      0.9615384615384616,
      0.9423076923076923,
      0.9423076923076923,
      0.9423076923076923,
      0.9423076923076923,
      0.9423076923076923,
      0.9423076923076923,
      0.9423076923076923,
      0.9230769230769231,
      0.9230769230769231,
      0.9230769230769231,
      0.9038461538461539,
      0.9038461538461539,
      0.9038461538461539,
      0.8846153846153846,
      0.8846153846153846,
      0.8653846153846154,
      0.8461538461538461,
      0.8269230769230769,
      0.8269230769230769,
      0.8269230769230769,
      0.8076923076923077,
      0.8076923076923077,
      0.8076923076923077,
      0.8076923076923077,
      0.7884615384615384,
      0.7884615384615384,
      0.7884615384615384,
      0.7692307692307693,
      0.75,
      0.75,
      0.75,
      0.7307692307692307,
      0.7115384615384616,
      0.7115384615384616,
      0.7115384615384616,
      0.7115384615384616,
      0.7115384615384616,
      0.7115384615384616,
      0.7115384615384616,
      0.6923076923076923,
      0.6730769230769231,
      0.6730769230769231,
      0.6538461538461539,
      0.6538461538461539,
      0.6346153846153846,
      0.6153846153846154,
      0.5961538461538461,
      0.5961538461538461,
      0.5961538461538461,
      0.5769230769230769,
      0.5769230769230769,
      0.5769230769230769,
      0.5769230769230769,
      0.5769230769230769,
      0.5576923076923077,
      0.5576923076923077,
      0.5576923076923077,
      0.5576923076923077,
      0.5384615384615384,
      0.5384615384615384,
      0.5192307692307693,
      0.5192307692307693,
      0.5192307692307693,
      0.5,
      0.4807692307692308,
      0.4807692307692308,
      0.4807692307692308,
      0.46153846153846156,
      0.46153846153846156,
      0.46153846153846156,
      0.4423076923076923,
      0.4230769230769231,
      0.4230769230769231,
      0.40384615384615385,
      0.38461538461538464,
      0.38461538461538464,
      0.38461538461538464,
      0.36538461538461536,
      0.36538461538461536,
      0.34615384615384615,
      0.34615384615384615,
      0.3269230769230769,
      0.3076923076923077,
      0.28846153846153844,
      0.2692307692307692,
      0.2692307692307692,
      0.2692307692307692,
      0.2692307692307692,
      0.25,
      0.25,
      0.23076923076923078,
      0.23076923076923078,
      0.21153846153846154,
      0.21153846153846154,
      0.19230769230769232,
      0.17307692307692307,
      0.17307692307692307,
      0.17307692307692307,
      0.17307692307692307,
      0.17307692307692307,
      0.15384615384615385,
      0.15384615384615385,
      0.15384615384615385,
      0.1346153846153846,
      0.1346153846153846,
      0.1346153846153846,
      0.1346153846153846,
      0.1346153846153846,
      0.1346153846153846,
      0.11538461538461539,
      0.11538461538461539,
      0.11538461538461539,
      0.09615384615384616,
      0.07692307692307693,
      0.057692307692307696,
      0.057692307692307696,
      0.038461538461538464,
      0.019230769230769232,
      0.0,
      0.0
    ],