{
  "auc": 0.5769230769230769,
  "n_train": 322,
  "n_test": 139,
  "trained_at": "202607240928",
  "precision_recall_curve": {
    "precision": [
      0.37410071942446044,
      0.37681159420289856,
      0.3795620437956204,
      0.38235294117647056,
      0.37777777777777777,
      0.3805970149253731,
      0.38345864661654133,
      0.38636363636363635,
      0.3893129770992366,
      0.3923076923076923,
      0.3953488372093023,
      0.3984375,
      0.4015748031496063,
      0.3968253968253968,
      0.4,
      0.4032258064516129,
      0.3983739837398374,
      0.4016393442622951,
      0.4049586776859504,
      0.4,
      0.3949579831932773,
      0.3983050847457627,
      0.4017094017094017,
      0.39655172413793105,
      0.4,
      0.40350877192982454,
      0.40707964601769914,
      0.4107142857142857,
      0.4144144144144144,
      0.41818181818181815,
      0.42201834862385323,
      0.4166666666666667,
      0.411214953271028,
      0.41509433962264153,
      0.4095238095238095,
      0.41346153846153844,
      0.4077669902912621,
      0.4019607843137255,
      0.39603960396039606,
      0.4,
      0.3939393939393939,
      0.3877551020408163,
      0.3917525773195876,
      0.3958333333333333,
      0.4,
      0.40425531914893614,
      0.40860215053763443,
      0.40217391304347827,
      0.4065934065934066,
      0.4,
      0.4044943820224719,
      0.3977272727272727,
      0.40229885057471265,
      0.3953488372093023,
      0.4,
      0.39285714285714285,
      0.39759036144578314,
      0.4024390243902439,
      0.3950617283950617,
      0.4,
      0.4050632911392405,
      0.3974358974358974,
      0.4025974025974026,
      0.40789473684210525,
      0.41333333333333333,
      0.4189189189189189,
      0.4246575342465753,
      0.4305555555555556,
      0.43661971830985913,
      0.44285714285714284,
      0.4492753623188406,
      0.4411764705882353,
      0.43283582089552236,
      0.42424242424242425,
      0.4153846153846154,
      0.40625,
      0.4126984126984127,
      0.41935483870967744,
      0.4262295081967213,
      0.4166666666666667,
      0.423728813559322,
      0.43103448275862066,
      0.42105263157894735,
      0.4107142857142857,
      0.41818181818181815,
      0.42592592592592593,
      0.41509433962264153,
      0.40384615384615385,
      0.4117647058823529,
      0.42,
      0.42857142857142855,
      0.4375,
      0.425531914893617,
      0.43478260869565216,
      0.4444444444444444,
      0.4318181818181818,
      0.4186046511627907,
      0.42857142857142855,
      0.4146341463414634,
      0.4,
      0.41025641025641024,
      0.39473684210526316,
      0.40540540540540543,
      0.3888888888888889,
      0.4,
      0.38235294117647056,
      0.3939393939393939,
      0.40625,
      0.41935483870967744,
      0.43333333333333335,
      0.4482758620689655,
      0.42857142857142855,
      0.4444444444444444,
      0.46153846153846156,
      0.44,
      0.4583333333333333,
      0.4782608695652174,
      0.45454545454545453,
      0.47619047619047616,
      0.5,
      0.5263157894736842,
      0.5,
      0.5294117647058824,
      0.5625,
      0.5333333333333333,
      0.5714285714285714,
      0.6153846153846154,
      0.6666666666666666,
      0.7272727272727273,
      0.7,
      0.7777777777777778,
      0.75,
      0.7142857142857143,
      0.8333333333333334,
      0.8,
      0.75,
      0.6666666666666666,
      0.5,
      0.0,
      1.0
    ],
    "recall": [
      1.0,
      1.0,
      1.0,
      1.0,
      0.9807692307692307,
      0.9807692307692307,
      0.9807692307692307,
      0.9807692307692307,
      0.9807692307692307,
      0.9807692307692307,
      0.9807692307692307,
      0.9807692307692307,
      0.9807692307692307,
      0.9615384615384616,
      0.9615384615384616,
      0.9615384615384616,
      0.9423076923076923,
      0.9423076923076923,
      0.9423076923076923,
      0.9230769230769231,
      0.9038461538461539,
      0.9038461538461539,
      0.9038461538461539,
      0.8846153846153846,
      0.8846153846153846,
      0.8846153846153846,
      0.8846153846153846,
      0.8846153846153846,
      0.8846153846153846,
      0.8846153846153846,
      0.8846153846153846,
      0.8653846153846154,
      0.8461538461538461,
      0.8461538461538461,
      0.8269230769230769,
      0.8269230769230769,
      0.8076923076923077,
      0.7884615384615384,
      0.7692307692307693,
      0.7692307692307693,
      0.75,
      0.7307692307692307,
      0.7307692307692307,
      0.7307692307692307,
      0.7307692307692307,
      0.7307692307692307,
      0.7307692307692307,
      0.7115384615384616,
      0.7115384615384616,
      0.6923076923076923,
      0.6923076923076923,
      0.6730769230769231,
      0.6730769230769231,
      0.6538461538461539,
      0.6538461538461539,
      0.6346153846153846,
      0.6346153846153846,
      0.6346153846153846,
      0.6153846153846154,
      0.6153846153846154,
      0.6153846153846154,
      0.5961538461538461,
      0.5961538461538461,
      0.5961538461538461,
      0.5961538461538461,
      0.5961538461538461,
      0.5961538461538461,
      0.5961538461538461,
      0.5961538461538461,
      0.5961538461538461,
      0.5961538461538461,
      0.5769230769230769,
      0.5576923076923077,
      0.5384615384615384,
      0.5192307692307693,
      0.5,
      0.5,
      0.5,
      0.5,
      0.4807692307692308,
      0.4807692307692308,
      0.4807692307692308,
      0.46153846153846156,
      0.4423076923076923,
      0.4423076923076923,
      0.4423076923076923,
      0.4230769230769231,
      0.40384615384615385,
      0.40384615384615385,
      0.40384615384615385,
      0.40384615384615385,
      0.40384615384615385,
      0.38461538461538464,
      0.38461538461538464,
      0.38461538461538464,
      0.36538461538461536,
      0.34615384615384615,
      0.34615384615384615,
      0.3269230769230769,
      0.3076923076923077,
      0.3076923076923077,
      0.28846153846153844,
      0.28846153846153844,
      0.2692307692307692,
      0.2692307692307692,
      0.25,
      0.25,
      0.25,
      0.25,
      0.25,
      0.25,
      0.23076923076923078,
      0.23076923076923078,
      0.23076923076923078,
      0.21153846153846154,
      0.21153846153846154,
      0.21153846153846154,
      0.19230769230769232,
      0.19230769230769232,
      0.19230769230769232,
      0.19230769230769232,
      0.17307692307692307,
      0.17307692307692307,
      0.17307692307692307,
      0.15384615384615385,
      0.15384615384615385,
      0.15384615384615385,
      0.15384615384615385,
      0.15384615384615385,
      0.1346153846153846,
      0.1346153846153846,
      0.11538461538461539,
      0.09615384615384616,
      0.09615384615384616,
      0.07692307692307693,
      0.057692307692307696,
      0.038461538461538464,
      0.019230769230769232,
      0.0,
      0.0
    ],