{
  "auc": 0.5095213587236234,
  "n_train": 359,
  "n_test": 154,
  "trained_at": "202607230720",
  "precision_recall_curve": {
    "precision": [
      0.43506493506493504,
      0.43790849673202614,
      0.4342105263157895,
      0.4304635761589404,
      0.43333333333333335,
      0.436241610738255,
      0.4391891891891892,
      0.4421768707482993,
      0.4383561643835616,
      0.43448275862068964,
      0.4305555555555556,
      0.43356643356643354,
      0.43661971830985913,
      0.4326241134751773,
      0.4357142857142857,
      0.43884892086330934,
      0.43478260869565216,
      0.43795620437956206,
      0.4338235294117647,
      0.43703703703703706,
      0.43283582089552236,
      0.42857142857142855,
      0.42424242424242425,
      0.4198473282442748,
      0.4230769230769231,
      0.4263565891472868,
      0.421875,
      0.4251968503937008,
      0.42063492063492064,
      0.416,
      0.4112903225806452,
      0.4146341463414634,
      0.4180327868852459,
      0.4214876033057851,
      0.4166666666666667,
      0.42016806722689076,
      0.4152542372881356,
      0.41025641025641024,
      0.41379310344827586,
      0.41739130434782606,
      0.42105263157894735,
      0.4247787610619469,
      0.41964285714285715,
      0.42342342342342343,
      0.42727272727272725,
      0.42201834862385323,
      0.42592592592592593,
      0.42990654205607476,
      0.4339622641509434,
      0.4380952380952381,
      0.4326923076923077,
      0.4368932038834951,
      0.4411764705882353,
      0.44554455445544555,
      0.45,
      0.4444444444444444,
      0.4489795918367347,
      0.4536082474226804,
      0.4583333333333333,
      0.45263157894736844,
      0.4574468085106383,
      0.45161290322580644,
      0.45652173913043476,
      0.46153846153846156,
      0.45555555555555555,
      0.4606741573033708,
      0.45454545454545453,
      0.4482758620689655,
      0.45348837209302323,
      0.4470588235294118,
      0.4523809523809524,
      0.4457831325301205,
      0.45121951219512196,
      0.4444444444444444,
      0.4375,
      0.43037974683544306,
      0.4230769230769231,
      0.42857142857142855,
      0.4342105263157895,
      0.4266666666666667,
      0.43243243243243246,
      0.4246575342465753,
      0.4305555555555556,
      0.43661971830985913,
      0.44285714285714284,
      0.4492753623188406,
      0.45588235294117646,
      0.44776119402985076,
      0.45454545454545453,
      0.46153846153846156,
      0.46875,
      0.47619047619047616,
      0.4838709677419355,
      0.47540983606557374,
      0.4666666666666667,
      0.4576271186440678,
      0.46551724137931033,
      0.47368421052631576,
      0.4642857142857143,
      0.4727272727272727,
      0.46296296296296297,
      0.4716981132075472,
      0.46153846153846156,
      0.47058823529411764,
      0.46,
      0.46938775510204084,
      0.4583333333333333,
      0.46808510638297873,
      0.45652173913043476,
      0.4666666666666667,
      0.4772727272727273,
      0.46511627906976744,
      0.4523809523809524,
      0.4634146341463415,
      0.475,
      0.48717948717948717,
      0.47368421052631576,
      0.4594594594594595,
      0.4722222222222222,
      0.45714285714285713,
      0.4411764705882353,
      0.45454545454545453,
      0.4375,
      0.45161290322580644,
      0.43333333333333335,
      0.41379310344827586,
      0.42857142857142855,
      0.4074074074074074,
      0.38461538461538464,
      0.4,
      0.4166666666666667,
      0.43478260869565216,
      0.45454545454545453,
      0.42857142857142855,
      0.45,
      0.47368421052631576,
      0.4444444444444444,
      0.47058823529411764,
      0.5,
      0.5333333333333333,
      0.5,
      0.46153846153846156,
      0.5,
      0.5454545454545454,
      0.5,
      0.4444444444444444,
      0.5,
      0.5714285714285714,
      0.6666666666666666,
      0.8,
      0.75,
      1.0,
      1.0,
      1.0,
      1.0
    ],
    "recall": [
      1.0,
      1.0,
      0.9850746268656716,
      0.9701492537313433,
      0.9701492537313433,
      0.9701492537313433,
      0.9701492537313433,
      0.9701492537313433,
      0.9552238805970149,
      0.9402985074626866,
      0.9253731343283582,
      0.9253731343283582,
      0.9253731343283582,
      0.9104477611940298,
      0.9104477611940298,
      0.9104477611940298,
      0.8955223880597015,
      0.8955223880597015,
      0.8805970149253731,
      0.8805970149253731,
      0.8656716417910447,
      0.8507462686567164,
      0.835820895522388,
      0.8208955223880597,
      0.8208955223880597,
      0.8208955223880597,
      0.8059701492537313,
      0.8059701492537313,
      0.7910447761194029,
      0.7761194029850746,
      0.7611940298507462,
      0.7611940298507462,
      0.7611940298507462,
      0.7611940298507462,
      0.746268656716418,
      0.746268656716418,
      0.7313432835820896,
      0.7164179104477612,
      0.7164179104477612,
      0.7164179104477612,
      0.7164179104477612,
      0.7164179104477612,
      0.7014925373134329,
      0.7014925373134329,
      0.7014925373134329,
      0.6865671641791045,
      0.6865671641791045,
      0.6865671641791045,
      0.6865671641791045,
      0.6865671641791045,
      0.6716417910447762,
      0.6716417910447762,
      0.6716417910447762,
      0.6716417910447762,
      0.6716417910447762,
      0.6567164179104478,
      0.6567164179104478,
      0.6567164179104478,
      0.6567164179104478,
      0.6417910447761194,
      0.6417910447761194,
      0.6268656716417911,
      0.6268656716417911,
      0.6268656716417911,
      0.6119402985074627,
      0.6119402985074627,
      0.5970149253731343,
      0.582089552238806,
      0.582089552238806,
      0.5671641791044776,
      0.5671641791044776,
      0.5522388059701493,
      0.5522388059701493,
      0.5373134328358209,
      0.5223880597014925,
      0.5074626865671642,
      0.4925373134328358,
      0.4925373134328358,
      0.4925373134328358,
      0.47761194029850745,
      0.47761194029850745,
      0.4626865671641791,
      0.4626865671641791,
      0.4626865671641791,
      0.4626865671641791,
      0.4626865671641791,
      0.4626865671641791,
      0.44776119402985076,
      0.44776119402985076,
      0.44776119402985076,
      0.44776119402985076,
      0.44776119402985076,
      0.44776119402985076,
      0.43283582089552236,
      0.417910447761194,
      0.40298507462686567,
      0.40298507462686567,
      0.40298507462686567,
      0.3880597014925373,
      0.3880597014925373,
      0.373134328358209,
      0.373134328358209,
      0.3582089552238806,
      0.3582089552238806,
      0.34328358208955223,
      0.34328358208955223,
      0.3283582089552239,
      0.3283582089552239,
      0.31343283582089554,
      0.31343283582089554,
      0.31343283582089554,
      0.29850746268656714,
      0.2835820895522388,
      0.2835820895522388,
      0.2835820895522388,
      0.2835820895522388,
      0.26865671641791045,
      0.2537313432835821,
      0.2537313432835821,
      0.23880597014925373,
      0.22388059701492538,
      0.22388059701492538,
      0.208955223880597,
      0.208955223880597,
      0.19402985074626866,
      0.1791044776119403,
      0.1791044776119403,
      0.16417910447761194,
      0.14925373134328357,
      0.14925373134328357,
      0.14925373134328357,
      0.14925373134328357,
      0.14925373134328357,
      0.13432835820895522,
      0.13432835820895522,
      0.13432835820895522,
      0.11940298507462686,
      0.11940298507462686,
      0.11940298507462686,
      0.11940298507462686,
      0.1044776119402985,
      0.08955223880597014,
      0.08955223880597014,
      0.08955223880597014,
      0.07462686567164178,
      0.05970149253731343,
      0.05970149253731343,
      0.05970149253731343,
      0.05970149253731343,
      0.05970149253731343,
      0.04477611940298507,
      0.04477611940298507,
      0.029850746268656716,
      0.014925373134328358,
      0.0
