{
  "auc": 0.5128027681660899,
  "n_train": 356,
  "n_test": 153,
  "trained_at": "202607242058",
  "precision_recall_curve": {
    "precision": [
      0.4444444444444444,
      0.4473684210526316,
      0.44370860927152317,
      0.44,
      0.436241610738255,
      0.43243243243243246,
      0.43537414965986393,
      0.4383561643835616,
      0.43448275862068964,
      0.4305555555555556,
      0.43356643356643354,
      0.43661971830985913,
      0.4397163120567376,
      0.4357142857142857,
      0.43884892086330934,
      0.4420289855072464,
      0.44525547445255476,
      0.4485294117647059,
      0.4444444444444444,
      0.44776119402985076,
      0.45112781954887216,
      0.45454545454545453,
      0.45038167938931295,
      0.45384615384615384,
      0.4573643410852713,
      0.4609375,
      0.4566929133858268,
      0.4603174603174603,
      0.456,
      0.4596774193548387,
      0.45528455284552843,
      0.45081967213114754,
      0.45454545454545453,
      0.45,
      0.453781512605042,
      0.4576271186440678,
      0.452991452991453,
      0.4482758620689655,
      0.45217391304347826,
      0.4473684210526316,
      0.4424778761061947,
      0.44642857142857145,
      0.44144144144144143,
      0.43636363636363634,
      0.44036697247706424,
      0.4444444444444444,
      0.4485981308411215,
      0.4528301886792453,
      0.44761904761904764,
      0.4423076923076923,
      0.44660194174757284,
      0.4411764705882353,
      0.44554455445544555,
      0.44,
      0.43434343434343436,
      0.4387755102040816,
      0.4329896907216495,
      0.4375,
      0.43157894736842106,
      0.43617021276595747,
      0.44086021505376344,
      0.44565217391304346,
      0.45054945054945056,
      0.4444444444444444,
      0.43820224719101125,
      0.4431818181818182,
      0.4367816091954023,
      0.4418604651162791,
      0.4470588235294118,
      0.44047619047619047,
      0.4457831325301205,
      0.45121951219512196,
      0.4567901234567901,
      0.45,
      0.4430379746835443,
      0.44871794871794873,
      0.45454545454545453,
      0.4473684210526316,
      0.44,
      0.44594594594594594,
      0.4520547945205479,
      0.4583333333333333,
      0.4507042253521127,
      0.44285714285714284,
      0.4492753623188406,
      0.45588235294117646,
      0.44776119402985076,
      0.45454545454545453,
      0.4461538461538462,
      0.453125,
      0.4444444444444444,
      0.43548387096774194,
      0.4426229508196721,
      0.43333333333333335,
      0.4406779661016949,
      0.43103448275862066,
      0.43859649122807015,
      0.44642857142857145,
      0.43636363636363634,
      0.4444444444444444,
      0.4528301886792453,
      0.46153846153846156,
      0.47058823529411764,
      0.46,
      0.46938775510204084,
      0.4791666666666667,
      0.46808510638297873,
      0.4782608695652174,
      0.4888888888888889,
      0.4772727272727273,
      0.4883720930232558,
      0.5,
      0.5121951219512195,
      0.5,
      0.5128205128205128,
      0.5263157894736842,
      0.5135135135135135,
      0.5,
      0.5142857142857142,
      0.5,
      0.5151515151515151,
      0.5,
      0.4838709677419355,
      0.4666666666666667,
      0.4482758620689655,
      0.4642857142857143,
      0.48148148148148145,
      0.46153846153846156,
      0.44,
      0.4166666666666667,
      0.43478260869565216,
      0.45454545454545453,
      0.47619047619047616,
      0.45,
      0.47368421052631576,
      0.5,
      0.5294117647058824,
      0.5,
      0.5333333333333333,
      0.5714285714285714,
      0.6153846153846154,
      0.5833333333333334,
      0.5454545454545454,
      0.6,
      0.5555555555555556,
      0.625,
      0.7142857142857143,
      0.6666666666666666,
      0.6,
      0.75,
      0.6666666666666666,
      0.5,
      0.0,
      1.0
    ],
    "recall": [
      1.0,
      1.0,
      0.9852941176470589,
      0.9705882352941176,
      0.9558823529411765,
      0.9411764705882353,
      0.9411764705882353,
      0.9411764705882353,
      0.9264705882352942,
      0.9117647058823529,
      0.9117647058823529,
      0.9117647058823529,
      0.9117647058823529,
      0.8970588235294118,
      0.8970588235294118,
      0.8970588235294118,
      0.8970588235294118,
      0.8970588235294118,
      0.8823529411764706,
      0.8823529411764706,
      0.8823529411764706,
      0.8823529411764706,
      0.8676470588235294,
      0.8676470588235294,
      0.8676470588235294,
      0.8676470588235294,
      0.8529411764705882,
      0.8529411764705882,
      0.8382352941176471,
      0.8382352941176471,
      0.8235294117647058,
      0.8088235294117647,
      0.8088235294117647,
      0.7941176470588235,
      0.7941176470588235,
      0.7941176470588235,
      0.7794117647058824,
      0.7647058823529411,
      0.7647058823529411,
      0.75,
      0.7352941176470589,
      0.7352941176470589,
      0.7205882352941176,
      0.7058823529411765,
      0.7058823529411765,
      0.7058823529411765,
      0.7058823529411765,
      0.7058823529411765,
      0.6911764705882353,
      0.6764705882352942,
      0.6764705882352942,
      0.6617647058823529,
      0.6617647058823529,
      0.6470588235294118,
      0.6323529411764706,
      0.6323529411764706,
      0.6176470588235294,
      0.6176470588235294,
      0.6029411764705882,
      0.6029411764705882,
      0.6029411764705882,
      0.6029411764705882,
      0.6029411764705882,
      0.5882352941176471,
      0.5735294117647058,
      0.5735294117647058,
      0.5588235294117647,
      0.5588235294117647,
      0.5588235294117647,
      0.5441176470588235,
      0.5441176470588235,
      0.5441176470588235,
      0.5441176470588235,
      0.5294117647058824,
      0.5147058823529411,
      0.5147058823529411,
      0.5147058823529411,
      0.5,
      0.4852941176470588,
      0.4852941176470588,
      0.4852941176470588,
      0.4852941176470588,
      0.47058823529411764,
      0.45588235294117646,
      0.45588235294117646,
      0.45588235294117646,
      0.4411764705882353,
      0.4411764705882353,
      0.4264705882352941,
      0.4264705882352941,
      0.4117647058823529,
      0.39705882352941174,
      0.39705882352941174,
      0.38235294117647056,
      0.38235294117647056,
      0.36764705882352944,
      0.36764705882352944,
      0.36764705882352944,
      0.35294117647058826,
      0.35294117647058826,
      0.35294117647058826,
      0.35294117647058826,
      0.35294117647058826,
      0.3382352941176471,
      0.3382352941176471,
      0.3382352941176471,
      0.3235294117647059,
      0.3235294117647059,
      0.3235294117647059,
      0.3088235294117647,
      0.3088235294117647,
      0.3088235294117647,
      0.3088235294117647,
      0.29411764705882354,
      0.29411764705882354,
      0.29411764705882354,
      0.27941176470588236,
      0.2647058823529412,
      0.2647058823529412,
      0.25,
      0.25,
      0.23529411764705882,
      0.22058823529411764,
      0.20588235294117646,
      0.19117647058823528,
      0.19117647058823528,
      0.19117647058823528,
      0.17647058823529413,
      0.16176470588235295,
      0.14705882352941177,
      0.14705882352941177,
      0.14705882352941177,
      0.14705882352941177,
      0.1323529411764706,
      0.1323529411764706,
      0.1323529411764706,
      0.1323529411764706,
      0.11764705882352941,
      0.11764705882352941,
      0.11764705882352941,
      0.11764705882352941,
      0.10294117647058823,
      0.08823529411764706,
      0.08823529411764706,
      0.07352941176470588,
      0.07352941176470588,
      0.07352941176470588,
      0.058823529411764705,
      0.04411764705882353,
      0.04411764705882353,
      0.029411764705882353,
      0.014705882352941176,
      0.0,
      0.0
    ],