{
  "auc": 0.559444158517756,
  "n_train": 357,
  "n_test": 154,
  "trained_at": "202607241006",
  "precision_recall_curve": {
    "precision": [
      0.43506493506493504,
      0.43790849673202614,
      0.4342105263157895,
      0.4370860927152318,
      0.43333333333333335,
      0.436241610738255,
      0.4391891891891892,
      0.4421768707482993,
      0.4383561643835616,
      0.4413793103448276,
      0.4375,
      0.43356643356643354,
      0.43661971830985913,
      0.4397163120567376,
      0.4357142857142857,
      0.4316546762589928,
      0.427536231884058,
      0.4306569343065693,
      0.4264705882352941,
      0.42962962962962964,
      0.43283582089552236,
      0.43609022556390975,
      0.4318181818181818,
      0.4351145038167939,
      0.43846153846153846,
      0.43410852713178294,
      0.4296875,
      0.4330708661417323,
      0.4365079365079365,
      0.44,
      0.43548387096774194,
      0.43089430894308944,
      0.4344262295081967,
      0.4297520661157025,
      0.425,
      0.42857142857142855,
      0.4322033898305085,
      0.42735042735042733,
      0.43103448275862066,
      0.43478260869565216,
      0.4298245614035088,
      0.4336283185840708,
      0.4375,
      0.44144144144144143,
      0.44545454545454544,
      0.44036697247706424,
      0.4444444444444444,
      0.4485981308411215,
      0.4528301886792453,
      0.45714285714285713,
      0.46153846153846156,
      0.46601941747572817,
      0.47058823529411764,
      0.4752475247524752,
      0.47,
      0.47474747474747475,
      0.47959183673469385,
      0.4845360824742268,
      0.4791666666666667,
      0.4842105263157895,
      0.48936170212765956,
      0.4946236559139785,
      0.4891304347826087,
      0.4835164835164835,
      0.4888888888888889,
      0.48314606741573035,
      0.4772727272727273,
      0.47126436781609193,
      0.47674418604651164,
      0.4823529411764706,
      0.4880952380952381,
      0.4939759036144578,
      0.4878048780487805,
      0.49382716049382713,
      0.4875,
      0.4936708860759494,
      0.48717948717948717,
      0.4805194805194805,
      0.47368421052631576,
      0.4666666666666667,
      0.47297297297297297,
      0.4794520547945205,
      0.4861111111111111,
      0.49295774647887325,
      0.5,
      0.4927536231884058,
      0.5,
      0.5074626865671642,
      0.5,
      0.49230769230769234,
      0.5,
      0.5079365079365079,
      0.5161290322580645,
      0.5245901639344263,
      0.5333333333333333,
      0.5254237288135594,
      0.5172413793103449,
      0.5087719298245614,
      0.5178571428571429,
      0.5272727272727272,
      0.5185185185185185,
      0.5283018867924528,
      0.5192307692307693,
      0.5098039215686274,
      0.5,
      0.4897959183673469,
      0.5,
      0.5106382978723404,
      0.5,
      0.5111111111111111,
      0.5,
      0.5116279069767442,
      0.5,
      0.5121951219512195,
      0.5,
      0.48717948717948717,
      0.47368421052631576,
      0.4594594594594595,
      0.4722222222222222,
      0.4857142857142857,
      0.5,
      0.5151515151515151,
      0.5,
      0.5161290322580645,
      0.5333333333333333,
      0.5517241379310345,
      0.5714285714285714,
      0.5925925925925926,
      0.5769230769230769,
      0.56,
      0.5416666666666666,
      0.5217391304347826,
      0.5454545454545454,
      0.5714285714285714,
      0.55,
      0.5789473684210527,
      0.5555555555555556,
      0.5294117647058824,
      0.5625,
      0.5333333333333333,
      0.5714285714285714,
      0.6153846153846154,
      0.5833333333333334,
      0.5454545454545454,
      0.6,
      0.6666666666666666,
      0.625,
      0.7142857142857143,
      0.6666666666666666,
      0.6,
      0.75,
      0.6666666666666666,
      0.5,
      1.0,
      1.0
    ],
    "recall": [
      1.0,
      1.0,
      0.9850746268656716,
      0.9850746268656716,
      0.9701492537313433,
      0.9701492537313433,
      0.9701492537313433,
      0.9701492537313433,
      0.9552238805970149,
      0.9552238805970149,
      0.9402985074626866,
      0.9253731343283582,
      0.9253731343283582,
      0.9253731343283582,
      0.9104477611940298,
      0.8955223880597015,
      0.8805970149253731,
      0.8805970149253731,
      0.8656716417910447,
      0.8656716417910447,
      0.8656716417910447,
      0.8656716417910447,
      0.8507462686567164,
      0.8507462686567164,
      0.8507462686567164,
      0.835820895522388,
      0.8208955223880597,
      0.8208955223880597,
      0.8208955223880597,
      0.8208955223880597,
      0.8059701492537313,
      0.7910447761194029,
      0.7910447761194029,
      0.7761194029850746,
      0.7611940298507462,
      0.7611940298507462,
      0.7611940298507462,
      0.746268656716418,
      0.746268656716418,
      0.746268656716418,
      0.7313432835820896,
      0.7313432835820896,
      0.7313432835820896,
      0.7313432835820896,
      0.7313432835820896,
      0.7164179104477612,
      0.7164179104477612,
      0.7164179104477612,
      0.7164179104477612,
      0.7164179104477612,
      0.7164179104477612,
      0.7164179104477612,
      0.7164179104477612,
      0.7164179104477612,
      0.7014925373134329,
      0.7014925373134329,
      0.7014925373134329,
      0.7014925373134329,
      0.6865671641791045,
      0.6865671641791045,
      0.6865671641791045,
      0.6865671641791045,
      0.6716417910447762,
      0.6567164179104478,
      0.6567164179104478,
      0.6417910447761194,
      0.6268656716417911,
      0.6119402985074627,
      0.6119402985074627,
      0.6119402985074627,
      0.6119402985074627,
      0.6119402985074627,
      0.5970149253731343,
      0.5970149253731343,
      0.582089552238806,
      0.582089552238806,
      0.5671641791044776,
      0.5522388059701493,
      0.5373134328358209,
      0.5223880597014925,
      0.5223880597014925,
      0.5223880597014925,
      0.5223880597014925,
      0.5223880597014925,
      0.5223880597014925,
      0.5074626865671642,
      0.5074626865671642,
      0.5074626865671642,
      0.4925373134328358,
      0.47761194029850745,
      0.47761194029850745,
      0.47761194029850745,
      0.47761194029850745,
      0.47761194029850745,
      0.47761194029850745,
      0.4626865671641791,
      0.44776119402985076,
      0.43283582089552236,
      0.43283582089552236,
      0.43283582089552236,
      0.417910447761194,
      0.417910447761194,
      0.40298507462686567,
      0.3880597014925373,
      0.373134328358209,
      0.3582089552238806,
      0.3582089552238806,
      0.3582089552238806,
      0.34328358208955223,
      0.34328358208955223,
      0.3283582089552239,
      0.3283582089552239,
      0.31343283582089554,
      0.31343283582089554,
      0.29850746268656714,
      0.2835820895522388,
      0.26865671641791045,
      0.2537313432835821,
      0.2537313432835821,
      0.2537313432835821,
      0.2537313432835821,
      0.2537313432835821,
      0.23880597014925373,
      0.23880597014925373,
      0.23880597014925373,
      0.23880597014925373,
      0.23880597014925373,
      0.23880597014925373,
      0.22388059701492538,
      0.208955223880597,
      0.19402985074626866,
      0.1791044776119403,
      0.1791044776119403,
      0.1791044776119403,
      0.16417910447761194,
      0.16417910447761194,
      0.14925373134328357,
      0.13432835820895522,
      0.13432835820895522,
      0.11940298507462686,
      0.11940298507462686,
      0.11940298507462686,
      0.1044776119402985,
      0.08955223880597014,
      0.08955223880597014,
      0.08955223880597014,
      0.07462686567164178,
      0.07462686567164178,
      0.05970149253731343,
      0.04477611940298507,
      0.04477611940298507,
      0.029850746268656716,
      0.014925373134328358,
      0.014925373134328358,
      0.0
    ],