{
  "auc": 0.530764029749831,
  "n_train": 360,
  "n_test": 155,
  "trained_at": "202607211934",
  "precision_recall_curve": {
    "precision": [
      0.43870967741935485,
      0.44155844155844154,
      0.43790849673202614,
      0.4407894736842105,
      0.44370860927152317,
      0.44,
      0.4429530201342282,
      0.44594594594594594,
      0.4421768707482993,
      0.4383561643835616,
      0.43448275862068964,
      0.4375,
      0.43356643356643354,
      0.43661971830985913,
      0.4326241134751773,
      0.4357142857142857,
      0.43884892086330934,
      0.4420289855072464,
      0.43795620437956206,
      0.4338235294117647,
      0.43703703703703706,
      0.43283582089552236,
      0.42857142857142855,
      0.4318181818181818,
      0.4351145038167939,
      0.43846153846153846,
      0.4418604651162791,
      0.4453125,
      0.4409448818897638,
      0.4444444444444444,
      0.44,
      0.4435483870967742,
      0.44715447154471544,
      0.45081967213114754,
      0.45454545454545453,
      0.4583333333333333,
      0.453781512605042,
      0.4491525423728814,
      0.452991452991453,
      0.4482758620689655,
      0.45217391304347826,
      0.45614035087719296,
      0.45132743362831856,
      0.44642857142857145,
      0.45045045045045046,
      0.45454545454545453,
      0.45871559633027525,
      0.4537037037037037,
      0.4485981308411215,
      0.44339622641509435,
      0.4380952380952381,
      0.4423076923076923,
      0.44660194174757284,
      0.4411764705882353,
      0.44554455445544555,
      0.44,
      0.43434343434343436,
      0.42857142857142855,
      0.4329896907216495,
      0.4375,
      0.4421052631578947,
      0.43617021276595747,
      0.43010752688172044,
      0.42391304347826086,
      0.42857142857142855,
      0.4222222222222222,
      0.42696629213483145,
      0.4318181818181818,
      0.4367816091954023,
      0.43023255813953487,
      0.43529411764705883,
      0.44047619047619047,
      0.43373493975903615,
      0.43902439024390244,
      0.43209876543209874,
      0.4375,
      0.43037974683544306,
      0.4358974358974359,
      0.44155844155844154,
      0.4342105263157895,
      0.4266666666666667,
      0.43243243243243246,
      0.4246575342465753,
      0.4305555555555556,
      0.4225352112676056,
      0.42857142857142855,
      0.43478260869565216,
      0.4411764705882353,
      0.44776119402985076,
      0.45454545454545453,
      0.46153846153846156,
      0.46875,
      0.4603174603174603,
      0.46774193548387094,
      0.45901639344262296,
      0.4666666666666667,
      0.4745762711864407,
      0.4827586206896552,
      0.49122807017543857,
      0.5,
      0.509090909090909,
      0.5185185185185185,
      0.5283018867924528,
      0.5384615384615384,
      0.5294117647058824,
      0.54,
      0.5306122448979592,
      0.5208333333333334,
      0.5106382978723404,
      0.5217391304347826,
      0.5111111111111111,
      0.5227272727272727,
      0.5116279069767442,
      0.5,
      0.4878048780487805,
      0.475,
      0.48717948717948717,
      0.47368421052631576,
      0.4864864864864865,
      0.5,
      0.5142857142857142,
      0.5,
      0.5151515151515151,
      0.53125,
      0.5483870967741935,
      0.5333333333333333,
      0.5172413793103449,
      0.5357142857142857,
      0.5185185185185185,
      0.5,
      0.48,
      0.4583333333333333,
      0.4782608695652174,
      0.5,
      0.5238095238095238,
      0.55,
      0.5789473684210527,
      0.6111111111111112,
      0.6470588235294118,
      0.625,
      0.6666666666666666,
      0.6428571428571429,
      0.6923076923076923,
      0.75,
      0.7272727272727273,
      0.8,
      0.7777777777777778,
      0.75,
      0.7142857142857143,
      0.8333333333333334,
      0.8,
      0.75,
      0.6666666666666666,
      1.0,
      1.0,
      1.0
    ],
    "recall": [
      1.0,
      1.0,
      0.9852941176470589,
      0.9852941176470589,
      0.9852941176470589,
      0.9705882352941176,
      0.9705882352941176,
      0.9705882352941176,
      0.9558823529411765,
      0.9411764705882353,
      0.9264705882352942,
      0.9264705882352942,
      0.9117647058823529,
      0.9117647058823529,
      0.8970588235294118,
      0.8970588235294118,
      0.8970588235294118,
      0.8970588235294118,
      0.8823529411764706,
      0.8676470588235294,
      0.8676470588235294,
      0.8529411764705882,
      0.8382352941176471,
      0.8382352941176471,
      0.8382352941176471,
      0.8382352941176471,
      0.8382352941176471,
      0.8382352941176471,
      0.8235294117647058,
      0.8235294117647058,
      0.8088235294117647,
      0.8088235294117647,
      0.8088235294117647,
      0.8088235294117647,
      0.8088235294117647,
      0.8088235294117647,
      0.7941176470588235,
      0.7794117647058824,
      0.7794117647058824,
      0.7647058823529411,
      0.7647058823529411,
      0.7647058823529411,
      0.75,
      0.7352941176470589,
      0.7352941176470589,
      0.7352941176470589,
      0.7352941176470589,
      0.7205882352941176,
      0.7058823529411765,
      0.6911764705882353,
      0.6764705882352942,
      0.6764705882352942,
      0.6764705882352942,
      0.6617647058823529,
      0.6617647058823529,
      0.6470588235294118,
      0.6323529411764706,
      0.6176470588235294,
      0.6176470588235294,
      0.6176470588235294,
      0.6176470588235294,
      0.6029411764705882,
      0.5882352941176471,
      0.5735294117647058,
      0.5735294117647058,
      0.5588235294117647,
      0.5588235294117647,
      0.5588235294117647,
      0.5588235294117647,
      0.5441176470588235,
      0.5441176470588235,
      0.5441176470588235,
      0.5294117647058824,
      0.5294117647058824,
      0.5147058823529411,
      0.5147058823529411,
      0.5,
      0.5,
      0.5,
      0.4852941176470588,
      0.47058823529411764,
      0.47058823529411764,
      0.45588235294117646,
      0.45588235294117646,
      0.4411764705882353,
      0.4411764705882353,
      0.4411764705882353,
      0.4411764705882353,
      0.4411764705882353,
      0.4411764705882353,
      0.4411764705882353,
      0.4411764705882353,
      0.4264705882352941,
      0.4264705882352941,
      0.4117647058823529,
      0.4117647058823529,
      0.4117647058823529,
      0.4117647058823529,
      0.4117647058823529,
      0.4117647058823529,
      0.4117647058823529,
      0.4117647058823529,
      0.4117647058823529,
      0.4117647058823529,
      0.39705882352941174,
      0.39705882352941174,
      0.38235294117647056,
      0.36764705882352944,
      0.35294117647058826,
      0.35294117647058826,
      0.3382352941176471,
      0.3382352941176471,
      0.3235294117647059,
      0.3088235294117647,
      0.29411764705882354,
      0.27941176470588236,
      0.27941176470588236,
      0.2647058823529412,
      0.2647058823529412,
      0.2647058823529412,
      0.2647058823529412,
      0.25,
      0.25,
      0.25,
      0.25,
      0.23529411764705882,
      0.22058823529411764,
      0.22058823529411764,
      0.20588235294117646,
      0.19117647058823528,
      0.17647058823529413,
      0.16176470588235295,
      0.16176470588235295,
      0.16176470588235295,
      0.16176470588235295,
      0.16176470588235295,
      0.16176470588235295,
      0.16176470588235295,
      0.16176470588235295,
      0.14705882352941177,
      0.14705882352941177,
      0.1323529411764706,
      0.1323529411764706,
      0.1323529411764706,
      0.11764705882352941,
      0.11764705882352941,
      0.10294117647058823,
      0.08823529411764706,
      0.07352941176470588,
      0.07352941176470588,
      0.058823529411764705,
      0.04411764705882353,
      0.029411764705882353,
      0.029411764705882353,
      0.014705882352941176,
      0.0
    ],