{
  "auc": 0.4947599729546991,
  "n_train": 359,
  "n_test": 155,
  "trained_at": "202607160842",
  "precision_recall_curve": {
    "precision": [
      0.43870967741935485,
      0.44155844155844154,
      0.4444444444444444,
      0.4473684210526316,
      0.4503311258278146,
      0.44666666666666666,
      0.4429530201342282,
      0.4391891891891892,
      0.43537414965986393,
      0.4383561643835616,
      0.43448275862068964,
      0.4375,
      0.4405594405594406,
      0.44366197183098594,
      0.4397163120567376,
      0.4357142857142857,
      0.4316546762589928,
      0.43478260869565216,
      0.4306569343065693,
      0.4264705882352941,
      0.4222222222222222,
      0.4253731343283582,
      0.42105263157894735,
      0.42424242424242425,
      0.42748091603053434,
      0.4307692307692308,
      0.4263565891472868,
      0.421875,
      0.4251968503937008,
      0.42857142857142855,
      0.432,
      0.4274193548387097,
      0.42276422764227645,
      0.4262295081967213,
      0.4297520661157025,
      0.425,
      0.42857142857142855,
      0.4322033898305085,
      0.42735042735042733,
      0.43103448275862066,
      0.4260869565217391,
      0.4298245614035088,
      0.4336283185840708,
      0.42857142857142855,
      0.42342342342342343,
      0.42727272727272725,
      0.42201834862385323,
      0.42592592592592593,
      0.42990654205607476,
      0.42452830188679247,
      0.42857142857142855,
      0.4326923076923077,
      0.4368932038834951,
      0.43137254901960786,
      0.42574257425742573,
      0.42,
      0.42424242424242425,
      0.42857142857142855,
      0.422680412371134,
      0.4270833333333333,
      0.42105263157894735,
      0.425531914893617,
      0.41935483870967744,
      0.41304347826086957,
      0.4065934065934066,
      0.4,
      0.4044943820224719,
      0.3977272727272727,
      0.40229885057471265,
      0.4069767441860465,
      0.4117647058823529,
      0.40476190476190477,
      0.39759036144578314,
      0.3902439024390244,
      0.3950617283950617,
      0.4,
      0.4050632911392405,
      0.41025641025641024,
      0.4025974025974026,
      0.39473684210526316,
      0.4,
      0.40540540540540543,
      0.410958904109589,
      0.4166666666666667,
      0.4225352112676056,
      0.42857142857142855,
      0.43478260869565216,
      0.4411764705882353,
      0.44776119402985076,
      0.45454545454545453,
      0.46153846153846156,
      0.453125,
      0.4603174603174603,
      0.45161290322580644,
      0.45901639344262296,
      0.4666666666666667,
      0.4576271186440678,
      0.46551724137931033,
      0.47368421052631576,
      0.4642857142857143,
      0.4727272727272727,
      0.48148148148148145,
      0.49056603773584906,
      0.4807692307692308,
      0.47058823529411764,
      0.46,
      0.4489795918367347,
      0.4583333333333333,
      0.46808510638297873,
      0.45652173913043476,
      0.4666666666666667,
      0.4772727272727273,
      0.46511627906976744,
      0.47619047619047616,
      0.4878048780487805,
      0.475,
      0.48717948717948717,
      0.5,
      0.5135135135135135,
      0.5,
      0.4857142857142857,
      0.5,
      0.5151515151515151,
      0.5,
      0.4838709677419355,
      0.4666666666666667,
      0.4827586206896552,
      0.5,
      0.48148148148148145,
      0.5,
      0.52,
      0.5416666666666666,
      0.5217391304347826,
      0.5454545454545454,
      0.5714285714285714,
      0.55,
      0.5789473684210527,
      0.6111111111111112,
      0.5882352941176471,
      0.5625,
      0.5333333333333333,
      0.5,
      0.46153846153846156,
      0.4166666666666667,
      0.45454545454545453,
      0.4,
      0.4444444444444444,
      0.375,
      0.2857142857142857,
      0.3333333333333333,
      0.4,
      0.25,
      0.3333333333333333,
      0.5,
      1.0,
      1.0
    ],
    "recall": [
      1.0,
      1.0,
      1.0,
      1.0,
      1.0,
      0.9852941176470589,
      0.9705882352941176,
      0.9558823529411765,
      0.9411764705882353,
      0.9411764705882353,
      0.9264705882352942,
      0.9264705882352942,
      0.9264705882352942,
      0.9264705882352942,
      0.9117647058823529,
      0.8970588235294118,
      0.8823529411764706,
      0.8823529411764706,
      0.8676470588235294,
      0.8529411764705882,
      0.8382352941176471,
      0.8382352941176471,
      0.8235294117647058,
      0.8235294117647058,
      0.8235294117647058,
      0.8235294117647058,
      0.8088235294117647,
      0.7941176470588235,
      0.7941176470588235,
      0.7941176470588235,
      0.7941176470588235,
      0.7794117647058824,
      0.7647058823529411,
      0.7647058823529411,
      0.7647058823529411,
      0.75,
      0.75,
      0.75,
      0.7352941176470589,
      0.7352941176470589,
      0.7205882352941176,
      0.7205882352941176,
      0.7205882352941176,
      0.7058823529411765,
      0.6911764705882353,
      0.6911764705882353,
      0.6764705882352942,
      0.6764705882352942,
      0.6764705882352942,
      0.6617647058823529,
      0.6617647058823529,
      0.6617647058823529,
      0.6617647058823529,
      0.6470588235294118,
      0.6323529411764706,
      0.6176470588235294,
      0.6176470588235294,
      0.6176470588235294,
      0.6029411764705882,
      0.6029411764705882,
      0.5882352941176471,
      0.5882352941176471,
      0.5735294117647058,
      0.5588235294117647,
      0.5441176470588235,
      0.5294117647058824,
      0.5294117647058824,
      0.5147058823529411,
      0.5147058823529411,
      0.5147058823529411,
      0.5147058823529411,
      0.5,
      0.4852941176470588,
      0.47058823529411764,
      0.47058823529411764,
      0.47058823529411764,
      0.47058823529411764,
      0.47058823529411764,
      0.45588235294117646,
      0.4411764705882353,
      0.4411764705882353,
      0.4411764705882353,
      0.4411764705882353,
      0.4411764705882353,
      0.4411764705882353,
      0.4411764705882353,
      0.4411764705882353,
      0.4411764705882353,
      0.4411764705882353,
      0.4411764705882353,
      0.4411764705882353,
      0.4264705882352941,
      0.4264705882352941,
      0.4117647058823529,
      0.4117647058823529,
      0.4117647058823529,
      0.39705882352941174,
      0.39705882352941174,
      0.39705882352941174,
      0.38235294117647056,
      0.38235294117647056,
      0.38235294117647056,
      0.38235294117647056,
      0.36764705882352944,
      0.35294117647058826,
      0.3382352941176471,
      0.3235294117647059,
      0.3235294117647059,
      0.3235294117647059,
      0.3088235294117647,
      0.3088235294117647,
      0.3088235294117647,
      0.29411764705882354,
      0.29411764705882354,
      0.29411764705882354,
      0.27941176470588236,
      0.27941176470588236,
      0.27941176470588236,
      0.27941176470588236,
      0.2647058823529412,
      0.25,
      0.25,
      0.25,
      0.23529411764705882,
      0.22058823529411764,
      0.20588235294117646,
      0.20588235294117646,
      0.20588235294117646,
      0.19117647058823528,
      0.19117647058823528,
      0.19117647058823528,
      0.19117647058823528,
      0.17647058823529413,
      0.17647058823529413,
      0.17647058823529413,
      0.16176470588235295,
      0.16176470588235295,
      0.16176470588235295,
      0.14705882352941177,
      0.1323529411764706,
      0.11764705882352941,
      0.10294117647058823,
      0.08823529411764706,
      0.07352941176470588,
      0.07352941176470588,
      0.058823529411764705,
      0.058823529411764705,
      0.04411764705882353,
      0.029411764705882353,
      0.029411764705882353,
      0.029411764705882353,
      0.014705882352941176,
      0.014705882352941176,
      0.014705882352941176,
      0.014705882352941176,
      0.0
    ],