{
  "auc": 0.5434782608695652,
  "n_train": 317,
  "n_test": 137,
  "trained_at": "202607160812",
  "precision_recall_curve": {
    "precision": [
      0.3357664233576642,
      0.33088235294117646,
      0.3333333333333333,
      0.3358208955223881,
      0.3383458646616541,
      0.3333333333333333,
      0.3282442748091603,
      0.33076923076923076,
      0.3333333333333333,
      0.3359375,
      0.33070866141732286,
      0.3333333333333333,
      0.336,
      0.3387096774193548,
      0.3333333333333333,
      0.32786885245901637,
      0.3305785123966942,
      0.3333333333333333,
      0.3277310924369748,
      0.3305084745762712,
      0.3333333333333333,
      0.33620689655172414,
      0.3391304347826087,
      0.3333333333333333,
      0.336283185840708,
      0.3392857142857143,
      0.34234234234234234,
      0.34545454545454546,
      0.3486238532110092,
      0.35185185185185186,
      0.35514018691588783,
      0.3490566037735849,
      0.34285714285714286,
      0.33653846153846156,
      0.33980582524271846,
      0.3431372549019608,
      0.3465346534653465,
      0.34,
      0.3434343434343434,
      0.3469387755102041,
      0.35051546391752575,
      0.34375,
      0.3473684210526316,
      0.3404255319148936,
      0.34408602150537637,
      0.34782608695652173,
      0.34065934065934067,
      0.34444444444444444,
      0.34831460674157305,
      0.3409090909090909,
      0.3448275862068966,
      0.3488372093023256,
      0.3411764705882353,
      0.34523809523809523,
      0.3493975903614458,
      0.35365853658536583,
      0.35802469135802467,
      0.3625,
      0.3670886075949367,
      0.3717948717948718,
      0.36363636363636365,
      0.3684210526315789,
      0.37333333333333335,
      0.3783783783783784,
      0.3835616438356164,
      0.375,
      0.38028169014084506,
      0.38571428571428573,
      0.391304347826087,
      0.39705882352941174,
      0.3880597014925373,
      0.3939393939393939,
      0.38461538461538464,
      0.390625,
      0.3968253968253968,
      0.4032258064516129,
      0.4098360655737705,
      0.4,
      0.3898305084745763,
      0.39655172413793105,
      0.38596491228070173,
      0.375,
      0.38181818181818183,
      0.37037037037037035,
      0.3584905660377358,
      0.34615384615384615,
      0.35294117647058826,
      0.36,
      0.3673469387755102,
      0.375,
      0.3829787234042553,
      0.391304347826087,
      0.4,
      0.4090909090909091,
      0.3953488372093023,
      0.40476190476190477,
      0.4146341463414634,
      0.425,
      0.4358974358974359,
      0.4473684210526316,
      0.43243243243243246,
      0.4444444444444444,
      0.45714285714285713,
      0.4411764705882353,
      0.42424242424242425,
      0.40625,
      0.3870967741935484,
      0.36666666666666664,
      0.3448275862068966,
      0.32142857142857145,
      0.3333333333333333,
      0.3076923076923077,
      0.32,
      0.3333333333333333,
      0.30434782608695654,
      0.3181818181818182,
      0.3333333333333333,
      0.35,
      0.3684210526315789,
      0.3888888888888889,
      0.4117647058823529,
      0.375,
      0.3333333333333333,
      0.35714285714285715,
      0.38461538461538464,
      0.4166666666666667,
      0.45454545454545453,
      0.5,
      0.4444444444444444,
      0.375,
      0.42857142857142855,
      0.3333333333333333,
      0.4,
      0.5,
      0.6666666666666666,
      1.0,
      1.0,
      1.0
    ],
    "recall": [
      1.0,
      0.9782608695652174,
      0.9782608695652174,
      0.9782608695652174,
      0.9782608695652174,
      0.9565217391304348,
      0.9347826086956522,
      0.9347826086956522,
      0.9347826086956522,
      0.9347826086956522,
      0.9130434782608695,
      0.9130434782608695,
      0.9130434782608695,
      0.9130434782608695,
      0.8913043478260869,
      0.8695652173913043,
      0.8695652173913043,
      0.8695652173913043,
      0.8478260869565217,
      0.8478260869565217,
      0.8478260869565217,
      0.8478260869565217,
      0.8478260869565217,
      0.8260869565217391,
      0.8260869565217391,
      0.8260869565217391,
      0.8260869565217391,
      0.8260869565217391,
      0.8260869565217391,
      0.8260869565217391,
      0.8260869565217391,
      0.8043478260869565,
      0.782608695652174,
      0.7608695652173914,
      0.7608695652173914,
      0.7608695652173914,
      0.7608695652173914,
      0.7391304347826086,
      0.7391304347826086,
      0.7391304347826086,
      0.7391304347826086,
      0.717391304347826,
      0.717391304347826,
      0.6956521739130435,
      0.6956521739130435,
      0.6956521739130435,
      0.6739130434782609,
      0.6739130434782609,
      0.6739130434782609,
      0.6521739130434783,
      0.6521739130434783,
      0.6521739130434783,
      0.6304347826086957,
      0.6304347826086957,
      0.6304347826086957,
      0.6304347826086957,
      0.6304347826086957,
      0.6304347826086957,
      0.6304347826086957,
      0.6304347826086957,
      0.6086956521739131,
      0.6086956521739131,
      0.6086956521739131,
      0.6086956521739131,
      0.6086956521739131,
      0.5869565217391305,
      0.5869565217391305,
      0.5869565217391305,
      0.5869565217391305,
      0.5869565217391305,
      0.5652173913043478,
      0.5652173913043478,
      0.5434782608695652,
      0.5434782608695652,
      0.5434782608695652,
      0.5434782608695652,
      0.5434782608695652,
      0.5217391304347826,
      0.5,
      0.5,
      0.4782608695652174,
      0.45652173913043476,
      0.45652173913043476,
      0.43478260869565216,
      0.41304347826086957,
      0.391304347826087,
      0.391304347826087,
      0.391304347826087,
      0.391304347826087,
      0.391304347826087,
      0.391304347826087,
      0.391304347826087,
      0.391304347826087,
      0.391304347826087,
      0.3695652173913043,
      0.3695652173913043,
      0.3695652173913043,
      0.3695652173913043,
      0.3695652173913043,
      0.3695652173913043,
      0.34782608695652173,
      0.34782608695652173,
      0.34782608695652173,
      0.32608695652173914,
      0.30434782608695654,
      0.2826086956521739,
      0.2608695652173913,
      0.2391304347826087,
      0.21739130434782608,
      0.1956521739130435,
      0.1956521739130435,
      0.17391304347826086,
      0.17391304347826086,
      0.17391304347826086,
      0.15217391304347827,
      0.15217391304347827,
      0.15217391304347827,
      0.15217391304347827,
      0.15217391304347827,
      0.15217391304347827,
      0.15217391304347827,
      0.13043478260869565,
      0.10869565217391304,
      0.10869565217391304,
      0.10869565217391304,
      0.10869565217391304,
      0.10869565217391304,
      0.10869565217391304,
      0.08695652173913043,
      0.06521739130434782,
      0.06521739130434782,
      0.043478260869565216,
      0.043478260869565216,
      0.043478260869565216,
      0.043478260869565216,
      0.043478260869565216,
      0.021739130434782608,
      0.0
    ],