{
  "auc": 0.5701368523949168,
  "n_train": 318,
  "n_test": 137,
  "trained_at": "202607211914",
  "precision_recall_curve": {
    "precision": [
      0.32116788321167883,
      0.3235294117647059,
      0.31851851851851853,
      0.3208955223880597,
      0.3233082706766917,
      0.32575757575757575,
      0.3282442748091603,
      0.3230769230769231,
      0.32558139534883723,
      0.328125,
      0.33070866141732286,
      0.3253968253968254,
      0.328,
      0.33064516129032256,
      0.3252032520325203,
      0.32786885245901637,
      0.3305785123966942,
      0.325,
      0.3277310924369748,
      0.3305084745762712,
      0.3333333333333333,
      0.3275862068965517,
      0.33043478260869563,
      0.3333333333333333,
      0.336283185840708,
      0.33035714285714285,
      0.3333333333333333,
      0.33636363636363636,
      0.3394495412844037,
      0.3333333333333333,
      0.3364485981308411,
      0.33962264150943394,
      0.34285714285714286,
      0.34615384615384615,
      0.34951456310679613,
      0.35294117647058826,
      0.3564356435643564,
      0.36,
      0.36363636363636365,
      0.3673469387755102,
      0.3711340206185567,
      0.375,
      0.3684210526315789,
      0.3617021276595745,
      0.3655913978494624,
      0.3695652173913043,
      0.37362637362637363,
      0.37777777777777777,
      0.3707865168539326,
      0.36363636363636365,
      0.3563218390804598,
      0.36046511627906974,
      0.36470588235294116,
      0.35714285714285715,
      0.3614457831325301,
      0.36585365853658536,
      0.35802469135802467,
      0.3625,
      0.35443037974683544,
      0.358974358974359,
      0.35064935064935066,
      0.34210526315789475,
      0.3466666666666667,
      0.33783783783783783,
      0.3287671232876712,
      0.3333333333333333,
      0.3380281690140845,
      0.34285714285714286,
      0.34782608695652173,
      0.35294117647058826,
      0.3582089552238806,
      0.3484848484848485,
      0.35384615384615387,
      0.359375,
      0.36507936507936506,
      0.3709677419354839,
      0.3770491803278688,
      0.36666666666666664,
      0.3728813559322034,
      0.3620689655172414,
      0.3684210526315789,
      0.375,
      0.36363636363636365,
      0.37037037037037035,
      0.37735849056603776,
      0.38461538461538464,
      0.39215686274509803,
      0.38,
      0.3877551020408163,
      0.3958333333333333,
      0.40425531914893614,
      0.391304347826087,
      0.37777777777777777,
      0.38636363636363635,
      0.3953488372093023,
      0.38095238095238093,
      0.3902439024390244,
      0.4,
      0.41025641025641024,
      0.42105263157894735,
      0.43243243243243246,
      0.4166666666666667,
      0.42857142857142855,
      0.4117647058823529,
      0.42424242424242425,
      0.4375,
      0.41935483870967744,
      0.4,
      0.3793103448275862,
      0.39285714285714285,
      0.4074074074074074,
      0.38461538461538464,
      0.36,
      0.3333333333333333,
      0.34782608695652173,
      0.3181818181818182,
      0.3333333333333333,
      0.35,
      0.3684210526315789,
      0.3333333333333333,
      0.35294117647058826,
      0.375,
      0.3333333333333333,
      0.35714285714285715,
      0.38461538461538464,
      0.4166666666666667,
      0.36363636363636365,
      0.4,
      0.4444444444444444,
      0.375,
      0.42857142857142855,
      0.5,
      0.6,
      0.5,
      0.3333333333333333,
      0.5,
      1.0,
      1.0
    ],
    "recall": [
      1.0,
      1.0,
      0.9772727272727273,
      0.9772727272727273,
      0.9772727272727273,
      0.9772727272727273,
      0.9772727272727273,
      0.9545454545454546,
      0.9545454545454546,
      0.9545454545454546,
      0.9545454545454546,
      0.9318181818181818,
      0.9318181818181818,
      0.9318181818181818,
      0.9090909090909091,
      0.9090909090909091,
      0.9090909090909091,
      0.8863636363636364,
      0.8863636363636364,
      0.8863636363636364,
      0.8863636363636364,
      0.8636363636363636,
      0.8636363636363636,
      0.8636363636363636,
      0.8636363636363636,
      0.8409090909090909,
      0.8409090909090909,
      0.8409090909090909,
      0.8409090909090909,
      0.8181818181818182,
      0.8181818181818182,
      0.8181818181818182,
      0.8181818181818182,
      0.8181818181818182,
      0.8181818181818182,
      0.8181818181818182,
      0.8181818181818182,
      0.8181818181818182,
      0.8181818181818182,
      0.8181818181818182,
      0.8181818181818182,
      0.8181818181818182,
      0.7954545454545454,
      0.7727272727272727,
      0.7727272727272727,
      0.7727272727272727,
      0.7727272727272727,
      0.7727272727272727,
      0.75,
      0.7272727272727273,
      0.7045454545454546,
      0.7045454545454546,
      0.7045454545454546,
      0.6818181818181818,
      0.6818181818181818,
      0.6818181818181818,
      0.6590909090909091,
      0.6590909090909091,
      0.6363636363636364,
      0.6363636363636364,
      0.6136363636363636,
      0.5909090909090909,
      0.5909090909090909,
      0.5681818181818182,
      0.5454545454545454,
      0.5454545454545454,
      0.5454545454545454,
      0.5454545454545454,
      0.5454545454545454,
      0.5454545454545454,
      0.5454545454545454,
      0.5227272727272727,
      0.5227272727272727,
      0.5227272727272727,
      0.5227272727272727,
      0.5227272727272727,
      0.5227272727272727,
      0.5,
      0.5,
      0.4772727272727273,
      0.4772727272727273,
      0.4772727272727273,
      0.45454545454545453,
      0.45454545454545453,
      0.45454545454545453,
      0.45454545454545453,
      0.45454545454545453,
      0.4318181818181818,
      0.4318181818181818,
      0.4318181818181818,
      0.4318181818181818,
      0.4090909090909091,
      0.38636363636363635,
      0.38636363636363635,
      0.38636363636363635,
      0.36363636363636365,
      0.36363636363636365,
      0.36363636363636365,
      0.36363636363636365,
      0.36363636363636365,
      0.36363636363636365,
      0.3409090909090909,
      0.3409090909090909,
      0.3181818181818182,
      0.3181818181818182,
      0.3181818181818182,
      0.29545454545454547,
      0.2727272727272727,
      0.25,
      0.25,
      0.25,
      0.22727272727272727,
      0.20454545454545456,
      0.18181818181818182,
      0.18181818181818182,
      0.1590909090909091,
      0.1590909090909091,
      0.1590909090909091,
      0.1590909090909091,
      0.13636363636363635,
      0.13636363636363635,
      0.13636363636363635,
      0.11363636363636363,
      0.11363636363636363,
      0.11363636363636363,
      0.11363636363636363,
      0.09090909090909091,
      0.09090909090909091,
      0.09090909090909091,
      0.06818181818181818,
      0.06818181818181818,
      0.06818181818181818,
      0.06818181818181818,
      0.045454545454545456,
      0.022727272727272728,
      0.022727272727272728,
      0.022727272727272728,
      0.0
    ],