{
  "auc": 0.54100790513834,
  "n_train": 317,
  "n_test": 136,
  "trained_at": "202607242027",
  "precision_recall_curve": {
    "precision": [
      0.3235294117647059,
      0.32592592592592595,
      0.3283582089552239,
      0.3308270676691729,
      0.32575757575757575,
      0.3282442748091603,
      0.3230769230769231,
      0.32558139534883723,
      0.328125,
      0.33070866141732286,
      0.3253968253968254,
      0.328,
      0.3225806451612903,
      0.3252032520325203,
      0.32786885245901637,
      0.3305785123966942,
      0.3333333333333333,
      0.3277310924369748,
      0.3220338983050847,
      0.3162393162393162,
      0.31896551724137934,
      0.3217391304347826,
      0.32456140350877194,
      0.3274336283185841,
      0.33035714285714285,
      0.3333333333333333,
      0.32727272727272727,
      0.3302752293577982,
      0.3333333333333333,
      0.32710280373831774,
      0.330188679245283,
      0.3333333333333333,
      0.3269230769230769,
      0.3300970873786408,
      0.3235294117647059,
      0.32673267326732675,
      0.33,
      0.3333333333333333,
      0.336734693877551,
      0.3402061855670103,
      0.3333333333333333,
      0.3368421052631579,
      0.3404255319148936,
      0.34408602150537637,
      0.34782608695652173,
      0.3516483516483517,
      0.34444444444444444,
      0.34831460674157305,
      0.3522727272727273,
      0.3563218390804598,
      0.3488372093023256,
      0.35294117647058826,
      0.34523809523809523,
      0.3493975903614458,
      0.34146341463414637,
      0.3333333333333333,
      0.3375,
      0.34177215189873417,
      0.34615384615384615,
      0.33766233766233766,
      0.32894736842105265,
      0.32,
      0.3108108108108108,
      0.3150684931506849,
      0.3194444444444444,
      0.323943661971831,
      0.32857142857142857,
      0.3333333333333333,
      0.3235294117647059,
      0.3283582089552239,
      0.3333333333333333,
      0.3384615384615385,
      0.34375,
      0.3492063492063492,
      0.3548387096774194,
      0.3442622950819672,
      0.35,
      0.3389830508474576,
      0.3448275862068966,
      0.3508771929824561,
      0.3392857142857143,
      0.34545454545454546,
      0.35185185185185186,
      0.3584905660377358,
      0.34615384615384615,
      0.35294117647058826,
      0.36,
      0.3673469387755102,
      0.3541666666666667,
      0.3617021276595745,
      0.3695652173913043,
      0.37777777777777777,
      0.36363636363636365,
      0.37209302325581395,
      0.38095238095238093,
      0.3902439024390244,
      0.4,
      0.38461538461538464,
      0.39473684210526316,
      0.40540540540540543,
      0.4166666666666667,
      0.4,
      0.4117647058823529,
      0.3939393939393939,
      0.40625,
      0.41935483870967744,
      0.43333333333333335,
      0.41379310344827586,
      0.42857142857142855,
      0.4074074074074074,
      0.4230769230769231,
      0.4,
      0.375,
      0.391304347826087,
      0.36363636363636365,
      0.3333333333333333,
      0.3,
      0.3157894736842105,
      0.3333333333333333,
      0.35294117647058826,
      0.375,
      0.4,
      0.42857142857142855,
      0.46153846153846156,
      0.4166666666666667,
      0.45454545454545453,
      0.5,
      0.5555555555555556,
      0.625,
      0.5714285714285714,
      0.6666666666666666,
      0.6,
      0.5,
      0.3333333333333333,
      0.5,
      1.0,
      1.0
    ],
    "recall": [
      1.0,
      1.0,
      1.0,
      1.0,
      0.9772727272727273,
      0.9772727272727273,
      0.9545454545454546,
      0.9545454545454546,
      0.9545454545454546,
      0.9545454545454546,
      0.9318181818181818,
      0.9318181818181818,
      0.9090909090909091,
      0.9090909090909091,
      0.9090909090909091,
      0.9090909090909091,
      0.9090909090909091,
      0.8863636363636364,
      0.8636363636363636,
      0.8409090909090909,
      0.8409090909090909,
      0.8409090909090909,
      0.8409090909090909,
      0.8409090909090909,
      0.8409090909090909,
      0.8409090909090909,
      0.8181818181818182,
      0.8181818181818182,
      0.8181818181818182,
      0.7954545454545454,
      0.7954545454545454,
      0.7954545454545454,
      0.7727272727272727,
      0.7727272727272727,
      0.75,
      0.75,
      0.75,
      0.75,
      0.75,
      0.75,
      0.7272727272727273,
      0.7272727272727273,
      0.7272727272727273,
      0.7272727272727273,
      0.7272727272727273,
      0.7272727272727273,
      0.7045454545454546,
      0.7045454545454546,
      0.7045454545454546,
      0.7045454545454546,
      0.6818181818181818,
      0.6818181818181818,
      0.6590909090909091,
      0.6590909090909091,
      0.6363636363636364,
      0.6136363636363636,
      0.6136363636363636,
      0.6136363636363636,
      0.6136363636363636,
      0.5909090909090909,
      0.5681818181818182,
      0.5454545454545454,
      0.5227272727272727,
      0.5227272727272727,
      0.5227272727272727,
      0.5227272727272727,
      0.5227272727272727,
      0.5227272727272727,
      0.5,
      0.5,
      0.5,
      0.5,
      0.5,
      0.5,
      0.5,
      0.4772727272727273,
      0.4772727272727273,
      0.45454545454545453,
      0.45454545454545453,
      0.45454545454545453,
      0.4318181818181818,
      0.4318181818181818,
      0.4318181818181818,
      0.4318181818181818,
      0.4090909090909091,
      0.4090909090909091,
      0.4090909090909091,
      0.4090909090909091,
      0.38636363636363635,
      0.38636363636363635,
      0.38636363636363635,
      0.38636363636363635,
      0.36363636363636365,
      0.36363636363636365,
      0.36363636363636365,
      0.36363636363636365,
      0.36363636363636365,
      0.3409090909090909,
      0.3409090909090909,
      0.3409090909090909,
      0.3409090909090909,
      0.3181818181818182,
      0.3181818181818182,
      0.29545454545454547,
      0.29545454545454547,
      0.29545454545454547,
      0.29545454545454547,
      0.2727272727272727,
      0.2727272727272727,
      0.25,
      0.25,
      0.22727272727272727,
      0.20454545454545456,
      0.20454545454545456,
      0.18181818181818182,
      0.1590909090909091,
      0.13636363636363635,
      0.13636363636363635,
      0.13636363636363635,
      0.13636363636363635,
      0.13636363636363635,
      0.13636363636363635,
      0.13636363636363635,
      0.13636363636363635,
      0.11363636363636363,
      0.11363636363636363,
      0.11363636363636363,
      0.11363636363636363,
      0.11363636363636363,
      0.09090909090909091,
      0.09090909090909091,
      0.06818181818181818,
      0.045454545454545456,
      0.022727272727272728,
      0.022727272727272728,
      0.022727272727272728,
      0.0
    ],