{
  "auc": 0.5570652173913043,
  "n_train": 317,
  "n_test": 136,
  "trained_at": "202607230700",
  "precision_recall_curve": {
    "precision": [
      0.3235294117647059,
      0.32592592592592595,
      0.3283582089552239,
      0.3233082706766917,
      0.32575757575757575,
      0.3282442748091603,
      0.33076923076923076,
      0.32558139534883723,
      0.328125,
      0.3228346456692913,
      0.3253968253968254,
      0.328,
      0.33064516129032256,
      0.3333333333333333,
      0.3360655737704918,
      0.3305785123966942,
      0.325,
      0.31932773109243695,
      0.3220338983050847,
      0.3247863247863248,
      0.3275862068965517,
      0.33043478260869563,
      0.3333333333333333,
      0.336283185840708,
      0.3392857142857143,
      0.34234234234234234,
      0.33636363636363636,
      0.3394495412844037,
      0.3425925925925926,
      0.34579439252336447,
      0.3490566037735849,
      0.34285714285714286,
      0.34615384615384615,
      0.34951456310679613,
      0.35294117647058826,
      0.3564356435643564,
      0.36,
      0.35353535353535354,
      0.3469387755102041,
      0.35051546391752575,
      0.34375,
      0.3473684210526316,
      0.35106382978723405,
      0.3548387096774194,
      0.358695652173913,
      0.3626373626373626,
      0.35555555555555557,
      0.34831460674157305,
      0.3409090909090909,
      0.3448275862068966,
      0.3488372093023256,
      0.3411764705882353,
      0.34523809523809523,
      0.3373493975903614,
      0.32926829268292684,
      0.3333333333333333,
      0.3375,
      0.34177215189873417,
      0.34615384615384615,
      0.35064935064935066,
      0.35526315789473684,
      0.36,
      0.35135135135135137,
      0.3561643835616438,
      0.3611111111111111,
      0.36619718309859156,
      0.35714285714285715,
      0.36231884057971014,
      0.35294117647058826,
      0.3582089552238806,
      0.3484848484848485,
      0.35384615384615387,
      0.359375,
      0.36507936507936506,
      0.3548387096774194,
      0.36065573770491804,
      0.36666666666666664,
      0.3559322033898305,
      0.3620689655172414,
      0.3684210526315789,
      0.375,
      0.36363636363636365,
      0.37037037037037035,
      0.3584905660377358,
      0.36538461538461536,
      0.35294117647058826,
      0.36,
      0.3469387755102041,
      0.3541666666666667,
      0.3617021276595745,
      0.34782608695652173,
      0.35555555555555557,
      0.36363636363636365,
      0.3488372093023256,
      0.35714285714285715,
      0.36585365853658536,
      0.375,
      0.38461538461538464,
      0.3684210526315789,
      0.3783783783783784,
      0.3888888888888889,
      0.37142857142857144,
      0.35294117647058826,
      0.36363636363636365,
      0.375,
      0.3870967741935484,
      0.4,
      0.41379310344827586,
      0.42857142857142855,
      0.4444444444444444,
      0.4230769230769231,
      0.4,
      0.375,
      0.391304347826087,
      0.4090909090909091,
      0.42857142857142855,
      0.4,
      0.42105263157894735,
      0.4444444444444444,
      0.4117647058823529,
      0.375,
      0.4,
      0.42857142857142855,
      0.46153846153846156,
      0.4166666666666667,
      0.45454545454545453,
      0.4,
      0.3333333333333333,
      0.375,
      0.42857142857142855,
      0.5,
      0.6,
      0.75,
      1.0,
      1.0,
      1.0,
      1.0
    ],
    "recall": [
      1.0,
      1.0,
      1.0,
      0.9772727272727273,
      0.9772727272727273,
      0.9772727272727273,
      0.9772727272727273,
      0.9545454545454546,
      0.9545454545454546,
      0.9318181818181818,
      0.9318181818181818,
      0.9318181818181818,
      0.9318181818181818,
      0.9318181818181818,
      0.9318181818181818,
      0.9090909090909091,
      0.8863636363636364,
      0.8636363636363636,
      0.8636363636363636,
      0.8636363636363636,
      0.8636363636363636,
      0.8636363636363636,
      0.8636363636363636,
      0.8636363636363636,
      0.8636363636363636,
      0.8636363636363636,
      0.8409090909090909,
      0.8409090909090909,
      0.8409090909090909,
      0.8409090909090909,
      0.8409090909090909,
      0.8181818181818182,
      0.8181818181818182,
      0.8181818181818182,
      0.8181818181818182,
      0.8181818181818182,
      0.8181818181818182,
      0.7954545454545454,
      0.7727272727272727,
      0.7727272727272727,
      0.75,
      0.75,
      0.75,
      0.75,
      0.75,
      0.75,
      0.7272727272727273,
      0.7045454545454546,
      0.6818181818181818,
      0.6818181818181818,
      0.6818181818181818,
      0.6590909090909091,
      0.6590909090909091,
      0.6363636363636364,
      0.6136363636363636,
      0.6136363636363636,
      0.6136363636363636,
      0.6136363636363636,
      0.6136363636363636,
      0.6136363636363636,
      0.6136363636363636,
      0.6136363636363636,
      0.5909090909090909,
      0.5909090909090909,
      0.5909090909090909,
      0.5909090909090909,
      0.5681818181818182,
      0.5681818181818182,
      0.5454545454545454,
      0.5454545454545454,
      0.5227272727272727,
      0.5227272727272727,
      0.5227272727272727,
      0.5227272727272727,
      0.5,
      0.5,
      0.5,
      0.4772727272727273,
      0.4772727272727273,
      0.4772727272727273,
      0.4772727272727273,
      0.45454545454545453,
      0.45454545454545453,
      0.4318181818181818,
      0.4318181818181818,
      0.4090909090909091,
      0.4090909090909091,
      0.38636363636363635,
      0.38636363636363635,
      0.38636363636363635,
      0.36363636363636365,
      0.36363636363636365,
      0.36363636363636365,
      0.3409090909090909,
      0.3409090909090909,
      0.3409090909090909,
      0.3409090909090909,
      0.3409090909090909,
      0.3181818181818182,
      0.3181818181818182,
      0.3181818181818182,
      0.29545454545454547,
      0.2727272727272727,
      0.2727272727272727,
      0.2727272727272727,
      0.2727272727272727,
      0.2727272727272727,
      0.2727272727272727,
      0.2727272727272727,
      0.2727272727272727,
      0.25,
      0.22727272727272727,
      0.20454545454545456,
      0.20454545454545456,
      0.20454545454545456,
      0.20454545454545456,
      0.18181818181818182,
      0.18181818181818182,
      0.18181818181818182,
      0.1590909090909091,
      0.13636363636363635,
      0.13636363636363635,
      0.13636363636363635,
      0.13636363636363635,
      0.11363636363636363,
      0.11363636363636363,
      0.09090909090909091,
      0.06818181818181818,
      0.06818181818181818,
      0.06818181818181818,
      0.06818181818181818,
      0.06818181818181818,
      0.06818181818181818,
      0.06818181818181818,
      0.045454545454545456,
      0.022727272727272728,
      0.0
    ],