{
  "auc": 0.5653050009159186,
  "n_train": 363,
  "n_test": 156,
  "trained_at": "202607230727",
  "precision_recall_curve": {
    "precision": [
      0.33974358974358976,
      0.3419354838709677,
      0.34415584415584416,
      0.33986928104575165,
      0.3355263157894737,
      0.33112582781456956,
      0.32666666666666666,
      0.3221476510067114,
      0.32432432432432434,
      0.32653061224489793,
      0.3287671232876712,
      0.3310344827586207,
      0.3263888888888889,
      0.32867132867132864,
      0.33098591549295775,
      0.3333333333333333,
      0.32857142857142857,
      0.33093525179856115,
      0.3333333333333333,
      0.3357664233576642,
      0.3382352941176471,
      0.34074074074074073,
      0.3358208955223881,
      0.3383458646616541,
      0.3409090909090909,
      0.3435114503816794,
      0.3384615384615385,
      0.34108527131782945,
      0.3359375,
      0.33858267716535434,
      0.3333333333333333,
      0.336,
      0.33064516129032256,
      0.3333333333333333,
      0.3360655737704918,
      0.3305785123966942,
      0.3333333333333333,
      0.33613445378151263,
      0.3389830508474576,
      0.3418803418803419,
      0.3448275862068966,
      0.3391304347826087,
      0.34210526315789475,
      0.34513274336283184,
      0.3392857142857143,
      0.3333333333333333,
      0.33636363636363636,
      0.3394495412844037,
      0.3425925925925926,
      0.34579439252336447,
      0.3490566037735849,
      0.3523809523809524,
      0.3557692307692308,
      0.34951456310679613,
      0.35294117647058826,
      0.3564356435643564,
      0.35,
      0.35353535353535354,
      0.35714285714285715,
      0.35051546391752575,
      0.3541666666666667,
      0.35789473684210527,
      0.3617021276595745,
      0.3655913978494624,
      0.3695652173913043,
      0.37362637362637363,
      0.37777777777777777,
      0.38202247191011235,
      0.38636363636363635,
      0.39080459770114945,
      0.3953488372093023,
      0.38823529411764707,
      0.38095238095238093,
      0.3855421686746988,
      0.3902439024390244,
      0.3950617283950617,
      0.4,
      0.4050632911392405,
      0.41025641025641024,
      0.4155844155844156,
      0.42105263157894735,
      0.4266666666666667,
      0.43243243243243246,
      0.4383561643835616,
      0.4305555555555556,
      0.43661971830985913,
      0.44285714285714284,
      0.4492753623188406,
      0.4411764705882353,
      0.43283582089552236,
      0.42424242424242425,
      0.4153846153846154,
      0.40625,
      0.3968253968253968,
      0.3870967741935484,
      0.39344262295081966,
      0.4,
      0.3898305084745763,
      0.39655172413793105,
      0.40350877192982454,
      0.4107142857142857,
      0.41818181818181815,
      0.42592592592592593,
      0.4339622641509434,
      0.4423076923076923,
      0.45098039215686275,
      0.46,
      0.4489795918367347,
      0.4375,
      0.44680851063829785,
      0.45652173913043476,
      0.4666666666666667,
      0.4772727272727273,
      0.46511627906976744,
      0.47619047619047616,
      0.4634146341463415,
      0.475,
      0.46153846153846156,
      0.47368421052631576,
      0.4594594594594595,
      0.4722222222222222,
      0.4857142857142857,
      0.47058823529411764,
      0.48484848484848486,
      0.46875,
      0.45161290322580644,
      0.43333333333333335,
      0.4482758620689655,
      0.42857142857142855,
      0.4444444444444444,
      0.4230769230769231,
      0.44,
      0.4583333333333333,
      0.4782608695652174,
      0.5,
      0.5238095238095238,
      0.5,
      0.47368421052631576,
      0.5,
      0.5294117647058824,
      0.5625,
      0.5333333333333333,
      0.5,
      0.46153846153846156,
      0.5,
      0.45454545454545453,
      0.4,
      0.3333333333333333,
      0.375,
      0.42857142857142855,
      0.5,
      0.6,
      0.5,
      0.3333333333333333,
      0.5,
      1.0,
      1.0
    ],
    "recall": [
      1.0,
      1.0,
      1.0,
      0.9811320754716981,
      0.9622641509433962,
      0.9433962264150944,
      0.9245283018867925,
      0.9056603773584906,
      0.9056603773584906,
      0.9056603773584906,
      0.9056603773584906,
      0.9056603773584906,
      0.8867924528301887,
      0.8867924528301887,
      0.8867924528301887,
      0.8867924528301887,
      0.8679245283018868,
      0.8679245283018868,
      0.8679245283018868,
      0.8679245283018868,
      0.8679245283018868,
      0.8679245283018868,
      0.8490566037735849,
      0.8490566037735849,
      0.8490566037735849,
      0.8490566037735849,
      0.8301886792452831,
      0.8301886792452831,
      0.8113207547169812,
      0.8113207547169812,
      0.7924528301886793,
      0.7924528301886793,
      0.7735849056603774,
      0.7735849056603774,
      0.7735849056603774,
      0.7547169811320755,
      0.7547169811320755,
      0.7547169811320755,
      0.7547169811320755,
      0.7547169811320755,
      0.7547169811320755,
      0.7358490566037735,
      0.7358490566037735,
      0.7358490566037735,
      0.7169811320754716,
      0.6981132075471698,
      0.6981132075471698,
      0.6981132075471698,
      0.6981132075471698,
      0.6981132075471698,
      0.6981132075471698,
      0.6981132075471698,
      0.6981132075471698,
      0.6792452830188679,
      0.6792452830188679,
      0.6792452830188679,
      0.660377358490566,
      0.660377358490566,
      0.660377358490566,
      0.6415094339622641,
      0.6415094339622641,
      0.6415094339622641,
      0.6415094339622641,
      0.6415094339622641,
      0.6415094339622641,
      0.6415094339622641,
      0.6415094339622641,
      0.6415094339622641,
      0.6415094339622641,
      0.6415094339622641,
      0.6415094339622641,
      0.6226415094339622,
      0.6037735849056604,
      0.6037735849056604,
      0.6037735849056604,
      0.6037735849056604,
      0.6037735849056604,
      0.6037735849056604,
      0.6037735849056604,
      0.6037735849056604,
      0.6037735849056604,
      0.6037735849056604,
      0.6037735849056604,
      0.6037735849056604,
      0.5849056603773585,
      0.5849056603773585,
      0.5849056603773585,
      0.5849056603773585,
      0.5660377358490566,
      0.5471698113207547,
      0.5283018867924528,
      0.5094339622641509,
      0.49056603773584906,
      0.4716981132075472,
      0.4528301886792453,
      0.4528301886792453,
      0.4528301886792453,
      0.4339622641509434,
      0.4339622641509434,
      0.4339622641509434,
      0.4339622641509434,
      0.4339622641509434,
      0.4339622641509434,
      0.4339622641509434,
      0.4339622641509434,
      0.4339622641509434,
      0.4339622641509434,
      0.41509433962264153,
      0.39622641509433965,
      0.39622641509433965,
      0.39622641509433965,
      0.39622641509433965,
      0.39622641509433965,
      0.37735849056603776,
      0.37735849056603776,
      0.3584905660377358,
      0.3584905660377358,
      0.33962264150943394,
      0.33962264150943394,
      0.32075471698113206,
      0.32075471698113206,
      0.32075471698113206,
      0.3018867924528302,
      0.3018867924528302,
      0.2830188679245283,
      0.2641509433962264,
      0.24528301886792453,
      0.24528301886792453,
      0.22641509433962265,
      0.22641509433962265,
      0.20754716981132076,
      0.20754716981132076,
      0.20754716981132076,
      0.20754716981132076,
      0.20754716981132076,
      0.20754716981132076,
      0.18867924528301888,
      0.16981132075471697,
      0.16981132075471697,
      0.16981132075471697,
      0.16981132075471697,
      0.1509433962264151,
      0.1320754716981132,
      0.11320754716981132,
      0.11320754716981132,
      0.09433962264150944,
      0.07547169811320754,
      0.05660377358490566,
      0.05660377358490566,
      0.05660377358490566,
      0.05660377358490566,
      0.05660377358490566,
      0.03773584905660377,
      0.018867924528301886,
      0.018867924528301886,
