{
  "auc": 0.5611393323657475,
  "n_train": 364,
  "n_test": 157,
  "trained_at": "202607241019",
  "precision_recall_curve": {
    "precision": [
      0.3375796178343949,
      0.33974358974358976,
      0.3419354838709677,
      0.33766233766233766,
      0.3333333333333333,
      0.32894736842105265,
      0.33112582781456956,
      0.32666666666666666,
      0.3288590604026846,
      0.32432432432432434,
      0.32653061224489793,
      0.3287671232876712,
      0.3310344827586207,
      0.3333333333333333,
      0.3356643356643357,
      0.33098591549295775,
      0.3333333333333333,
      0.3357142857142857,
      0.33093525179856115,
      0.3333333333333333,
      0.3357664233576642,
      0.33088235294117646,
      0.32592592592592595,
      0.3283582089552239,
      0.3233082706766917,
      0.32575757575757575,
      0.3282442748091603,
      0.33076923076923076,
      0.3333333333333333,
      0.3359375,
      0.33858267716535434,
      0.3412698412698413,
      0.344,
      0.3387096774193548,
      0.34146341463414637,
      0.3360655737704918,
      0.33884297520661155,
      0.3416666666666667,
      0.3445378151260504,
      0.3474576271186441,
      0.3418803418803419,
      0.3448275862068966,
      0.34782608695652173,
      0.3508771929824561,
      0.35398230088495575,
      0.35714285714285715,
      0.36036036036036034,
      0.35454545454545455,
      0.3486238532110092,
      0.35185185185185186,
      0.34579439252336447,
      0.33962264150943394,
      0.34285714285714286,
      0.34615384615384615,
      0.33980582524271846,
      0.3431372549019608,
      0.3465346534653465,
      0.34,
      0.3434343434343434,
      0.3469387755102041,
      0.35051546391752575,
      0.3541666666666667,
      0.3473684210526316,
      0.35106382978723405,
      0.3548387096774194,
      0.358695652173913,
      0.3626373626373626,
      0.36666666666666664,
      0.3707865168539326,
      0.36363636363636365,
      0.367816091954023,
      0.37209302325581395,
      0.36470588235294116,
      0.35714285714285715,
      0.3614457831325301,
      0.36585365853658536,
      0.37037037037037035,
      0.375,
      0.379746835443038,
      0.38461538461538464,
      0.38961038961038963,
      0.39473684210526316,
      0.4,
      0.40540540540540543,
      0.3972602739726027,
      0.4027777777777778,
      0.39436619718309857,
      0.4,
      0.4057971014492754,
      0.39705882352941174,
      0.40298507462686567,
      0.4090909090909091,
      0.4153846153846154,
      0.421875,
      0.4126984126984127,
      0.41935483870967744,
      0.4262295081967213,
      0.4166666666666667,
      0.4067796610169492,
      0.41379310344827586,
      0.42105263157894735,
      0.4107142857142857,
      0.41818181818181815,
      0.42592592592592593,
      0.4339622641509434,
      0.4230769230769231,
      0.43137254901960786,
      0.44,
      0.4489795918367347,
      0.4583333333333333,
      0.44680851063829785,
      0.43478260869565216,
      0.4444444444444444,
      0.45454545454545453,
      0.4418604651162791,
      0.42857142857142855,
      0.43902439024390244,
      0.45,
      0.4358974358974359,
      0.4473684210526316,
      0.4594594594594595,
      0.4444444444444444,
      0.45714285714285713,
      0.4411764705882353,
      0.45454545454545453,
      0.46875,
      0.4838709677419355,
      0.5,
      0.5172413793103449,
      0.5,
      0.48148148148148145,
      0.46153846153846156,
      0.44,
      0.4583333333333333,
      0.4782608695652174,
      0.5,
      0.5238095238095238,
      0.55,
      0.5789473684210527,
      0.5555555555555556,
      0.5294117647058824,
      0.5,
      0.4666666666666667,
      0.5,
      0.5384615384615384,
      0.5,
      0.5454545454545454,
      0.5,
      0.5555555555555556,
      0.5,
      0.5714285714285714,
      0.5,
      0.6,
      0.5,
      0.3333333333333333,
      0.5,
      0.0,
      1.0
    ],
    "recall": [
      1.0,
      1.0,
      1.0,
      0.9811320754716981,
      0.9622641509433962,
      0.9433962264150944,
      0.9433962264150944,
      0.9245283018867925,
      0.9245283018867925,
      0.9056603773584906,
      0.9056603773584906,
      0.9056603773584906,
      0.9056603773584906,
      0.9056603773584906,
      0.9056603773584906,
      0.8867924528301887,
      0.8867924528301887,
      0.8867924528301887,
      0.8679245283018868,
      0.8679245283018868,
      0.8679245283018868,
      0.8490566037735849,
      0.8301886792452831,
      0.8301886792452831,
      0.8113207547169812,
      0.8113207547169812,
      0.8113207547169812,
      0.8113207547169812,
      0.8113207547169812,
      0.8113207547169812,
      0.8113207547169812,
      0.8113207547169812,
      0.8113207547169812,
      0.7924528301886793,
      0.7924528301886793,
      0.7735849056603774,
      0.7735849056603774,
      0.7735849056603774,
      0.7735849056603774,
      0.7735849056603774,
      0.7547169811320755,
      0.7547169811320755,
      0.7547169811320755,
      0.7547169811320755,
      0.7547169811320755,
      0.7547169811320755,
      0.7547169811320755,
      0.7358490566037735,
      0.7169811320754716,
      0.7169811320754716,
      0.6981132075471698,
      0.6792452830188679,
      0.6792452830188679,
      0.6792452830188679,
      0.660377358490566,
      0.660377358490566,
      0.660377358490566,
      0.6415094339622641,
      0.6415094339622641,
      0.6415094339622641,
      0.6415094339622641,
      0.6415094339622641,
      0.6226415094339622,
      0.6226415094339622,
      0.6226415094339622,
      0.6226415094339622,
      0.6226415094339622,
      0.6226415094339622,
      0.6226415094339622,
      0.6037735849056604,
      0.6037735849056604,
      0.6037735849056604,
      0.5849056603773585,
      0.5660377358490566,
      0.5660377358490566,
      0.5660377358490566,
      0.5660377358490566,
      0.5660377358490566,
      0.5660377358490566,
      0.5660377358490566,
      0.5660377358490566,
      0.5660377358490566,
      0.5660377358490566,
      0.5660377358490566,
      0.5471698113207547,
      0.5471698113207547,
      0.5283018867924528,
      0.5283018867924528,
      0.5283018867924528,
      0.5094339622641509,
      0.5094339622641509,
      0.5094339622641509,
      0.5094339622641509,
      0.5094339622641509,
      0.49056603773584906,
      0.49056603773584906,
      0.49056603773584906,
      0.4716981132075472,
      0.4528301886792453,
      0.4528301886792453,
      0.4528301886792453,
      0.4339622641509434,
      0.4339622641509434,
      0.4339622641509434,
      0.4339622641509434,
      0.41509433962264153,
      0.41509433962264153,
      0.41509433962264153,
      0.41509433962264153,
      0.41509433962264153,
      0.39622641509433965,
      0.37735849056603776,
      0.37735849056603776,
      0.37735849056603776,
      0.3584905660377358,
      0.33962264150943394,
      0.33962264150943394,
      0.33962264150943394,
      0.32075471698113206,
      0.32075471698113206,
      0.32075471698113206,
      0.3018867924528302,
      0.3018867924528302,
      0.2830188679245283,
      0.2830188679245283,
      0.2830188679245283,
      0.2830188679245283,
      0.2830188679245283,
      0.2830188679245283,
      0.2641509433962264,
      0.24528301886792453,
      0.22641509433962265,
      0.20754716981132076,
      0.20754716981132076,
      0.20754716981132076,
      0.20754716981132076,
      0.20754716981132076,
      0.20754716981132076,
      0.20754716981132076,
      0.18867924528301888,
      0.16981132075471697,
      0.1509433962264151,
      0.1320754716981132,
      0.1320754716981132,
      0.1320754716981132,
      0.11320754716981132,
      0.11320754716981132,
      0.09433962264150944,
      0.09433962264150944,
      0.07547169811320754,
      0.07547169811320754,
      0.05660377358490566,
      0.05660377358490566,
      0.03773584905660377,
      0.018867924528301886,
