{
  "auc": 0.5686274509803921,
  "n_train": 365,
  "n_test": 157,
  "trained_at": "202607160853",
  "precision_recall_curve": {
    "precision": [
      0.3248407643312102,
      0.3269230769230769,
      0.32903225806451614,
      0.33116883116883117,
      0.3333333333333333,
      0.3355263157894737,
      0.33112582781456956,
      0.3333333333333333,
      0.33557046979865773,
      0.3310810810810811,
      0.3333333333333333,
      0.3356164383561644,
      0.3310344827586207,
      0.3333333333333333,
      0.3356643356643357,
      0.33098591549295775,
      0.3333333333333333,
      0.32857142857142857,
      0.33093525179856115,
      0.32608695652173914,
      0.3284671532846715,
      0.33088235294117646,
      0.32592592592592595,
      0.3283582089552239,
      0.3308270676691729,
      0.3333333333333333,
      0.33587786259541985,
      0.3384615384615385,
      0.3333333333333333,
      0.3359375,
      0.33858267716535434,
      0.3412698412698413,
      0.336,
      0.3387096774193548,
      0.34146341463414637,
      0.3442622950819672,
      0.34710743801652894,
      0.3416666666666667,
      0.3445378151260504,
      0.3474576271186441,
      0.3418803418803419,
      0.33620689655172414,
      0.33043478260869563,
      0.3333333333333333,
      0.3274336283185841,
      0.33035714285714285,
      0.3333333333333333,
      0.32727272727272727,
      0.3302752293577982,
      0.3333333333333333,
      0.3364485981308411,
      0.330188679245283,
      0.3333333333333333,
      0.3269230769230769,
      0.3300970873786408,
      0.3333333333333333,
      0.33663366336633666,
      0.33,
      0.32323232323232326,
      0.32653061224489793,
      0.32989690721649484,
      0.3333333333333333,
      0.3368421052631579,
      0.3404255319148936,
      0.34408602150537637,
      0.34782608695652173,
      0.3516483516483517,
      0.35555555555555557,
      0.3595505617977528,
      0.36363636363636365,
      0.3563218390804598,
      0.3488372093023256,
      0.35294117647058826,
      0.35714285714285715,
      0.3614457831325301,
      0.35365853658536583,
      0.35802469135802467,
      0.35,
      0.35443037974683544,
      0.358974358974359,
      0.36363636363636365,
      0.35526315789473684,
      0.36,
      0.36486486486486486,
      0.3698630136986301,
      0.375,
      0.36619718309859156,
      0.37142857142857144,
      0.37681159420289856,
      0.38235294117647056,
      0.373134328358209,
      0.3787878787878788,
      0.38461538461538464,
      0.390625,
      0.3968253968253968,
      0.4032258064516129,
      0.4098360655737705,
      0.4,
      0.3898305084745763,
      0.39655172413793105,
      0.40350877192982454,
      0.4107142857142857,
      0.41818181818181815,
      0.4074074074074074,
      0.39622641509433965,
      0.38461538461538464,
      0.39215686274509803,
      0.4,
      0.3877551020408163,
      0.3958333333333333,
      0.40425531914893614,
      0.41304347826086957,
      0.4,
      0.4090909090909091,
      0.4186046511627907,
      0.42857142857142855,
      0.4146341463414634,
      0.425,
      0.4358974358974359,
      0.42105263157894735,
      0.40540540540540543,
      0.4166666666666667,
      0.42857142857142855,
      0.4117647058823529,
      0.42424242424242425,
      0.4375,
      0.45161290322580644,
      0.4666666666666667,
      0.4827586206896552,
      0.5,
      0.5185185185185185,
      0.5,
      0.52,
      0.5,
      0.5217391304347826,
      0.5,
      0.5238095238095238,
      0.55,
      0.5263157894736842,
      0.5,
      0.5294117647058824,
      0.5,
      0.5333333333333333,
      0.5714285714285714,
      0.5384615384615384,
      0.5833333333333334,
      0.5454545454545454,
      0.5,
      0.4444444444444444,
      0.5,
      0.42857142857142855,
      0.5,
      0.4,
      0.5,
      0.3333333333333333,
      0.5,
      1.0,
      1.0
    ],
    "recall": [
      1.0,
      1.0,
      1.0,
      1.0,
      1.0,
      1.0,
      0.9803921568627451,
      0.9803921568627451,
      0.9803921568627451,
      0.9607843137254902,
      0.9607843137254902,
      0.9607843137254902,
      0.9411764705882353,
      0.9411764705882353,
      0.9411764705882353,
      0.9215686274509803,
      0.9215686274509803,
      0.9019607843137255,
      0.9019607843137255,
      0.8823529411764706,
      0.8823529411764706,
      0.8823529411764706,
      0.8627450980392157,
      0.8627450980392157,
      0.8627450980392157,
      0.8627450980392157,
      0.8627450980392157,
      0.8627450980392157,
      0.8431372549019608,
      0.8431372549019608,
      0.8431372549019608,
      0.8431372549019608,
      0.8235294117647058,
      0.8235294117647058,
      0.8235294117647058,
      0.8235294117647058,
      0.8235294117647058,
      0.803921568627451,
      0.803921568627451,
      0.803921568627451,
      0.7843137254901961,
      0.7647058823529411,
      0.7450980392156863,
      0.7450980392156863,
      0.7254901960784313,
      0.7254901960784313,
      0.7254901960784313,
      0.7058823529411765,
      0.7058823529411765,
      0.7058823529411765,
      0.7058823529411765,
      0.6862745098039216,
      0.6862745098039216,
      0.6666666666666666,
      0.6666666666666666,
      0.6666666666666666,
      0.6666666666666666,
      0.6470588235294118,
      0.6274509803921569,
      0.6274509803921569,
      0.6274509803921569,
      0.6274509803921569,
      0.6274509803921569,
      0.6274509803921569,
      0.6274509803921569,
      0.6274509803921569,
      0.6274509803921569,
      0.6274509803921569,
      0.6274509803921569,
      0.6274509803921569,
      0.6078431372549019,
      0.5882352941176471,
      0.5882352941176471,
      0.5882352941176471,
      0.5882352941176471,
      0.5686274509803921,
      0.5686274509803921,
      0.5490196078431373,
      0.5490196078431373,
      0.5490196078431373,
      0.5490196078431373,
      0.5294117647058824,
      0.5294117647058824,
      0.5294117647058824,
      0.5294117647058824,
      0.5294117647058824,
      0.5098039215686274,
      0.5098039215686274,
      0.5098039215686274,
      0.5098039215686274,
      0.49019607843137253,
      0.49019607843137253,
      0.49019607843137253,
      0.49019607843137253,
      0.49019607843137253,
      0.49019607843137253,
      0.49019607843137253,
      0.47058823529411764,
      0.45098039215686275,
      0.45098039215686275,
      0.45098039215686275,
      0.45098039215686275,
      0.45098039215686275,
      0.43137254901960786,
      0.4117647058823529,
      0.39215686274509803,
      0.39215686274509803,
      0.39215686274509803,
      0.37254901960784315,
      0.37254901960784315,
      0.37254901960784315,
      0.37254901960784315,
      0.35294117647058826,
      0.35294117647058826,
      0.35294117647058826,
      0.35294117647058826,
      0.3333333333333333,
      0.3333333333333333,
      0.3333333333333333,
      0.3137254901960784,
      0.29411764705882354,
      0.29411764705882354,
      0.29411764705882354,
      0.27450980392156865,
      0.27450980392156865,
      0.27450980392156865,
      0.27450980392156865,
      0.27450980392156865,
      0.27450980392156865,
      0.27450980392156865,
      0.27450980392156865,
      0.2549019607843137,
      0.2549019607843137,
      0.23529411764705882,
      0.23529411764705882,
      0.21568627450980393,
      0.21568627450980393,
      0.21568627450980393,
      0.19607843137254902,
      0.17647058823529413,
      0.17647058823529413,
      0.1568627450980392,
      0.1568627450980392,
      0.1568627450980392,
      0.13725490196078433,
      0.13725490196078433,
      0.11764705882352941,
      0.09803921568627451,
      0.0784313725490196,
      0.0784313725490196,
      0.058823529411764705,
      0.058823529411764705,
      0.0392156862745098,
      0.0392156862745098,
      0.0196078431372549,
      0.0196078431372549,
      0.0196078431372549,
      0.0
    ],