{
  "auc": 0.5792269646455395,
  "n_train": 362,
  "n_test": 156,
  "trained_at": "202607211941",
  "precision_recall_curve": {
    "precision": [
      0.33974358974358976,
      0.3419354838709677,
      0.34415584415584416,
      0.3464052287581699,
      0.34868421052631576,
      0.3443708609271523,
      0.34,
      0.33557046979865773,
      0.3310810810810811,
      0.3333333333333333,
      0.3356164383561644,
      0.33793103448275863,
      0.3333333333333333,
      0.3356643356643357,
      0.3380281690140845,
      0.3404255319148936,
      0.34285714285714286,
      0.34532374100719426,
      0.34782608695652173,
      0.35036496350364965,
      0.34558823529411764,
      0.34074074074074073,
      0.34328358208955223,
      0.3458646616541353,
      0.3484848484848485,
      0.3511450381679389,
      0.35384615384615387,
      0.35658914728682173,
      0.359375,
      0.36220472440944884,
      0.36507936507936506,
      0.368,
      0.3709677419354839,
      0.37398373983739835,
      0.3770491803278688,
      0.371900826446281,
      0.36666666666666664,
      0.36134453781512604,
      0.3559322033898305,
      0.358974358974359,
      0.3620689655172414,
      0.3652173913043478,
      0.35964912280701755,
      0.35398230088495575,
      0.35714285714285715,
      0.35135135135135137,
      0.34545454545454546,
      0.3486238532110092,
      0.35185185185185186,
      0.34579439252336447,
      0.3490566037735849,
      0.3523809523809524,
      0.3557692307692308,
      0.3592233009708738,
      0.35294117647058826,
      0.3564356435643564,
      0.35,
      0.35353535353535354,
      0.35714285714285715,
      0.35051546391752575,
      0.34375,
      0.3473684210526316,
      0.35106382978723405,
      0.3548387096774194,
      0.358695652173913,
      0.3626373626373626,
      0.36666666666666664,
      0.3707865168539326,
      0.375,
      0.3793103448275862,
      0.38372093023255816,
      0.3764705882352941,
      0.38095238095238093,
      0.3855421686746988,
      0.3902439024390244,
      0.3950617283950617,
      0.3875,
      0.3924050632911392,
      0.3974358974358974,
      0.4025974025974026,
      0.39473684210526316,
      0.4,
      0.40540540540540543,
      0.410958904109589,
      0.4027777777777778,
      0.4084507042253521,
      0.4142857142857143,
      0.4057971014492754,
      0.4117647058823529,
      0.417910447761194,
      0.42424242424242425,
      0.4153846153846154,
      0.421875,
      0.42857142857142855,
      0.43548387096774194,
      0.4262295081967213,
      0.43333333333333335,
      0.4406779661016949,
      0.4482758620689655,
      0.43859649122807015,
      0.44642857142857145,
      0.43636363636363634,
      0.4444444444444444,
      0.4339622641509434,
      0.4423076923076923,
      0.43137254901960786,
      0.44,
      0.42857142857142855,
      0.4375,
      0.425531914893617,
      0.43478260869565216,
      0.4444444444444444,
      0.45454545454545453,
      0.4418604651162791,
      0.4523809523809524,
      0.43902439024390244,
      0.45,
      0.4358974358974359,
      0.4473684210526316,
      0.43243243243243246,
      0.4444444444444444,
      0.45714285714285713,
      0.47058823529411764,
      0.45454545454545453,
      0.46875,
      0.4838709677419355,
      0.4666666666666667,
      0.4482758620689655,
      0.4642857142857143,
      0.48148148148148145,
      0.46153846153846156,
      0.48,
      0.5,
      0.5217391304347826,
      0.5,
      0.47619047619047616,
      0.5,
      0.5263157894736842,
      0.5555555555555556,
      0.5882352941176471,
      0.5625,
      0.5333333333333333,
      0.5,
      0.5384615384615384,
      0.5,
      0.45454545454545453,
      0.4,
      0.4444444444444444,
      0.5,
      0.42857142857142855,
      0.5,
      0.4,
      0.5,
      0.3333333333333333,
      0.5,
      1.0,
      1.0
    ],
    "recall": [
      1.0,
      1.0,
      1.0,
      1.0,
      1.0,
      0.9811320754716981,
      0.9622641509433962,
      0.9433962264150944,
      0.9245283018867925,
      0.9245283018867925,
      0.9245283018867925,
      0.9245283018867925,
      0.9056603773584906,
      0.9056603773584906,
      0.9056603773584906,
      0.9056603773584906,
      0.9056603773584906,
      0.9056603773584906,
      0.9056603773584906,
      0.9056603773584906,
      0.8867924528301887,
      0.8679245283018868,
      0.8679245283018868,
      0.8679245283018868,
      0.8679245283018868,
      0.8679245283018868,
      0.8679245283018868,
      0.8679245283018868,
      0.8679245283018868,
      0.8679245283018868,
      0.8679245283018868,
      0.8679245283018868,
      0.8679245283018868,
      0.8679245283018868,
      0.8679245283018868,
      0.8490566037735849,
      0.8301886792452831,
      0.8113207547169812,
      0.7924528301886793,
      0.7924528301886793,
      0.7924528301886793,
      0.7924528301886793,
      0.7735849056603774,
      0.7547169811320755,
      0.7547169811320755,
      0.7358490566037735,
      0.7169811320754716,
      0.7169811320754716,
      0.7169811320754716,
      0.6981132075471698,
      0.6981132075471698,
      0.6981132075471698,
      0.6981132075471698,
      0.6981132075471698,
      0.6792452830188679,
      0.6792452830188679,
      0.660377358490566,
      0.660377358490566,
      0.660377358490566,
      0.6415094339622641,
      0.6226415094339622,
      0.6226415094339622,
      0.6226415094339622,
      0.6226415094339622,
      0.6226415094339622,
      0.6226415094339622,
      0.6226415094339622,
      0.6226415094339622,
      0.6226415094339622,
      0.6226415094339622,
      0.6226415094339622,
      0.6037735849056604,
      0.6037735849056604,
      0.6037735849056604,
      0.6037735849056604,
      0.6037735849056604,
      0.5849056603773585,
      0.5849056603773585,
      0.5849056603773585,
      0.5849056603773585,
      0.5660377358490566,
      0.5660377358490566,
      0.5660377358490566,
      0.5660377358490566,
      0.5471698113207547,
      0.5471698113207547,
      0.5471698113207547,
      0.5283018867924528,
      0.5283018867924528,
      0.5283018867924528,
      0.5283018867924528,
      0.5094339622641509,
      0.5094339622641509,
      0.5094339622641509,
      0.5094339622641509,
      0.49056603773584906,
      0.49056603773584906,
      0.49056603773584906,
      0.49056603773584906,
      0.4716981132075472,
      0.4716981132075472,
      0.4528301886792453,
      0.4528301886792453,
      0.4339622641509434,
      0.4339622641509434,
      0.41509433962264153,
      0.41509433962264153,
      0.39622641509433965,
      0.39622641509433965,
      0.37735849056603776,
      0.37735849056603776,
      0.37735849056603776,
      0.37735849056603776,
      0.3584905660377358,
      0.3584905660377358,
      0.33962264150943394,
      0.33962264150943394,
      0.32075471698113206,
      0.32075471698113206,
      0.3018867924528302,
      0.3018867924528302,
      0.3018867924528302,
      0.3018867924528302,
      0.2830188679245283,
      0.2830188679245283,
      0.2830188679245283,
      0.2641509433962264,
      0.24528301886792453,
      0.24528301886792453,
      0.24528301886792453,
      0.22641509433962265,
      0.22641509433962265,
      0.22641509433962265,
      0.22641509433962265,
      0.20754716981132076,
      0.18867924528301888,
      0.18867924528301888,
      0.18867924528301888,
      0.18867924528301888,
      0.18867924528301888,
      0.16981132075471697,
      0.1509433962264151,
      0.1320754716981132,
      0.1320754716981132,
      0.11320754716981132,
      0.09433962264150944,
      0.07547169811320754,
      0.07547169811320754,
      0.07547169811320754,
      0.05660377358490566,
      0.05660377358490566,
      0.03773584905660377,
      0.03773584905660377,
      0.018867924528301886,
      0.018867924528301886,
      0.018867924528301886,
      0.0
    ],