{
  "auc": 0.5682148040638606,
  "n_train": 365,
  "n_test": 157,
  "trained_at": "202607242110",
  "precision_recall_curve": {
    "precision": [
      0.3375796178343949,
      0.33974358974358976,
      0.33548387096774196,
      0.33766233766233766,
      0.3333333333333333,
      0.3355263157894737,
      0.33112582781456956,
      0.3333333333333333,
      0.3288590604026846,
      0.32432432432432434,
      0.32653061224489793,
      0.3287671232876712,
      0.3310344827586207,
      0.3333333333333333,
      0.3356643356643357,
      0.3380281690140845,
      0.3404255319148936,
      0.34285714285714286,
      0.34532374100719426,
      0.34057971014492755,
      0.34306569343065696,
      0.3382352941176471,
      0.3333333333333333,
      0.3358208955223881,
      0.3383458646616541,
      0.3409090909090909,
      0.3435114503816794,
      0.34615384615384615,
      0.3488372093023256,
      0.34375,
      0.3464566929133858,
      0.3412698412698413,
      0.344,
      0.3467741935483871,
      0.34959349593495936,
      0.3524590163934426,
      0.35537190082644626,
      0.35833333333333334,
      0.36134453781512604,
      0.3559322033898305,
      0.3504273504273504,
      0.3448275862068966,
      0.3391304347826087,
      0.3333333333333333,
      0.336283185840708,
      0.3392857142857143,
      0.34234234234234234,
      0.34545454545454546,
      0.3486238532110092,
      0.35185185185185186,
      0.34579439252336447,
      0.3490566037735849,
      0.3523809523809524,
      0.3557692307692308,
      0.3592233009708738,
      0.35294117647058826,
      0.3465346534653465,
      0.35,
      0.3434343434343434,
      0.3469387755102041,
      0.3402061855670103,
      0.3333333333333333,
      0.3368421052631579,
      0.3404255319148936,
      0.34408602150537637,
      0.34782608695652173,
      0.3516483516483517,
      0.35555555555555557,
      0.3595505617977528,
      0.36363636363636365,
      0.367816091954023,
      0.37209302325581395,
      0.3764705882352941,
      0.38095238095238093,
      0.3855421686746988,
      0.3780487804878049,
      0.38271604938271603,
      0.375,
      0.3670886075949367,
      0.3717948717948718,
      0.37662337662337664,
      0.3815789473684211,
      0.38666666666666666,
      0.3918918918918919,
      0.3972602739726027,
      0.4027777777777778,
      0.4084507042253521,
      0.4,
      0.391304347826087,
      0.39705882352941174,
      0.40298507462686567,
      0.4090909090909091,
      0.4153846153846154,
      0.421875,
      0.42857142857142855,
      0.43548387096774194,
      0.4262295081967213,
      0.43333333333333335,
      0.4406779661016949,
      0.4482758620689655,
      0.45614035087719296,
      0.44642857142857145,
      0.43636363636363634,
      0.42592592592592593,
      0.41509433962264153,
      0.4230769230769231,
      0.43137254901960786,
      0.44,
      0.4489795918367347,
      0.4583333333333333,
      0.44680851063829785,
      0.43478260869565216,
      0.4444444444444444,
      0.45454545454545453,
      0.46511627906976744,
      0.47619047619047616,
      0.4878048780487805,
      0.5,
      0.48717948717948717,
      0.5,
      0.4864864864864865,
      0.5,
      0.5142857142857142,
      0.5,
      0.48484848484848486,
      0.5,
      0.5161290322580645,
      0.5,
      0.4827586206896552,
      0.5,
      0.48148148148148145,
      0.5,
      0.48,
      0.4583333333333333,
      0.4782608695652174,
      0.45454545454545453,
      0.47619047619047616,
      0.5,
      0.47368421052631576,
      0.5,
      0.5294117647058824,
      0.5,
      0.4666666666666667,
      0.5,
      0.46153846153846156,
      0.5,
      0.45454545454545453,
      0.4,
      0.3333333333333333,
      0.375,
      0.42857142857142855,
      0.5,
      0.4,
      0.25,
      0.0,
      0.0,
      0.0,
      1.0
    ],
    "recall": [
      1.0,
      1.0,
      0.9811320754716981,
      0.9811320754716981,
      0.9622641509433962,
      0.9622641509433962,
      0.9433962264150944,
      0.9433962264150944,
      0.9245283018867925,
      0.9056603773584906,
      0.9056603773584906,
      0.9056603773584906,
      0.9056603773584906,
      0.9056603773584906,
      0.9056603773584906,
      0.9056603773584906,
      0.9056603773584906,
      0.9056603773584906,
      0.9056603773584906,
      0.8867924528301887,
      0.8867924528301887,
      0.8679245283018868,
      0.8490566037735849,
      0.8490566037735849,
      0.8490566037735849,
      0.8490566037735849,
      0.8490566037735849,
      0.8490566037735849,
      0.8490566037735849,
      0.8301886792452831,
      0.8301886792452831,
      0.8113207547169812,
      0.8113207547169812,
      0.8113207547169812,
      0.8113207547169812,
      0.8113207547169812,
      0.8113207547169812,
      0.8113207547169812,
      0.8113207547169812,
      0.7924528301886793,
      0.7735849056603774,
      0.7547169811320755,
      0.7358490566037735,
      0.7169811320754716,
      0.7169811320754716,
      0.7169811320754716,
      0.7169811320754716,
      0.7169811320754716,
      0.7169811320754716,
      0.7169811320754716,
      0.6981132075471698,
      0.6981132075471698,
      0.6981132075471698,
      0.6981132075471698,
      0.6981132075471698,
      0.6792452830188679,
      0.660377358490566,
      0.660377358490566,
      0.6415094339622641,
      0.6415094339622641,
      0.6226415094339622,
      0.6037735849056604,
      0.6037735849056604,
      0.6037735849056604,
      0.6037735849056604,
      0.6037735849056604,
      0.6037735849056604,
      0.6037735849056604,
      0.6037735849056604,
      0.6037735849056604,
      0.6037735849056604,
      0.6037735849056604,
      0.6037735849056604,
      0.6037735849056604,
      0.6037735849056604,
      0.5849056603773585,
      0.5849056603773585,
      0.5660377358490566,
      0.5471698113207547,
      0.5471698113207547,
      0.5471698113207547,
      0.5471698113207547,
      0.5471698113207547,
      0.5471698113207547,
      0.5471698113207547,
      0.5471698113207547,
      0.5471698113207547,
      0.5283018867924528,
      0.5094339622641509,
      0.5094339622641509,
      0.5094339622641509,
      0.5094339622641509,
      0.5094339622641509,
      0.5094339622641509,
      0.5094339622641509,
      0.5094339622641509,
      0.49056603773584906,
      0.49056603773584906,
      0.49056603773584906,
      0.49056603773584906,
      0.49056603773584906,
      0.4716981132075472,
      0.4528301886792453,
      0.4339622641509434,
      0.41509433962264153,
      0.41509433962264153,
      0.41509433962264153,
      0.41509433962264153,
      0.41509433962264153,
      0.41509433962264153,
      0.39622641509433965,
      0.37735849056603776,
      0.37735849056603776,
      0.37735849056603776,
      0.37735849056603776,
      0.37735849056603776,
      0.37735849056603776,
      0.37735849056603776,
      0.3584905660377358,
      0.3584905660377358,
      0.33962264150943394,
      0.33962264150943394,
      0.33962264150943394,
      0.32075471698113206,
      0.3018867924528302,
      0.3018867924528302,
      0.3018867924528302,
      0.2830188679245283,
      0.2641509433962264,
      0.2641509433962264,
      0.24528301886792453,
      0.24528301886792453,
      0.22641509433962265,
      0.20754716981132076,
      0.20754716981132076,
      0.18867924528301888,
      0.18867924528301888,
      0.18867924528301888,
      0.16981132075471697,
      0.16981132075471697,
      0.16981132075471697,
      0.1509433962264151,
      0.1320754716981132,
      0.1320754716981132,
      0.11320754716981132,
      0.11320754716981132,
      0.09433962264150944,
      0.07547169811320754,
      0.05660377358490566,
      0.05660377358490566,
      0.05660377358490566,
      0.05660377358490566,
      0.03773584905660377,
      0.018867924528301886,
      0.0,
      0.0,
      0.0,
      0.0
    ],