{
  "auc": 0.3990556821882123,
  "n_train": 365,
  "n_test": 157,
  "trained_at": "202607230704",
  "precision_recall_curve": {
    "precision": [
      0.5286624203821656,
      0.532051282051282,
      0.535483870967742,
      0.5324675324675324,
      0.5359477124183006,
      0.5328947368421053,
      0.5298013245033113,
      0.5266666666666666,
      0.5302013422818792,
      0.5337837837837838,
      0.5306122448979592,
      0.5342465753424658,
      0.5379310344827586,
      0.5347222222222222,
      0.5384615384615384,
      0.5352112676056338,
      0.5319148936170213,
      0.5285714285714286,
      0.5251798561151079,
      0.5217391304347826,
      0.5182481751824818,
      0.5147058823529411,
      0.5185185185185185,
      0.5149253731343284,
      0.518796992481203,
      0.5151515151515151,
      0.5114503816793893,
      0.5076923076923077,
      0.5038759689922481,
      0.5078125,
      0.5039370078740157,
      0.5,
      0.504,
      0.5080645161290323,
      0.5040650406504065,
      0.5,
      0.5041322314049587,
      0.5083333333333333,
      0.5042016806722689,
      0.5084745762711864,
      0.5128205128205128,
      0.5086206896551724,
      0.5130434782608696,
      0.5087719298245614,
      0.504424778761062,
      0.5,
      0.4954954954954955,
      0.4909090909090909,
      0.48623853211009177,
      0.48148148148148145,
      0.4766355140186916,
      0.4716981132075472,
      0.4666666666666667,
      0.46153846153846156,
      0.46601941747572817,
      0.47058823529411764,
      0.46534653465346537,
      0.47,
      0.46464646464646464,
      0.46938775510204084,
      0.4742268041237113,
      0.4791666666666667,
      0.4842105263157895,
      0.48936170212765956,
      0.4838709677419355,
      0.4782608695652174,
      0.4725274725274725,
      0.4666666666666667,
      0.47191011235955055,
      0.4659090909090909,
      0.45977011494252873,
      0.45348837209302323,
      0.4588235294117647,
      0.4523809523809524,
      0.4578313253012048,
      0.45121951219512196,
      0.4444444444444444,
      0.45,
      0.45569620253164556,
      0.46153846153846156,
      0.45454545454545453,
      0.4473684210526316,
      0.44,
      0.43243243243243246,
      0.4246575342465753,
      0.4305555555555556,
      0.4225352112676056,
      0.4142857142857143,
      0.4057971014492754,
      0.4117647058823529,
      0.417910447761194,
      0.42424242424242425,
      0.4307692307692308,
      0.421875,
      0.42857142857142855,
      0.43548387096774194,
      0.4262295081967213,
      0.43333333333333335,
      0.4406779661016949,
      0.43103448275862066,
      0.42105263157894735,
      0.42857142857142855,
      0.41818181818181815,
      0.42592592592592593,
      0.41509433962264153,
      0.4230769230769231,
      0.4117647058823529,
      0.4,
      0.3877551020408163,
      0.3958333333333333,
      0.40425531914893614,
      0.391304347826087,
      0.37777777777777777,
      0.38636363636363635,
      0.37209302325581395,
      0.35714285714285715,
      0.36585365853658536,
      0.35,
      0.358974358974359,
      0.34210526315789475,
      0.32432432432432434,
      0.3333333333333333,
      0.34285714285714286,
      0.35294117647058826,
      0.36363636363636365,
      0.375,
      0.3870967741935484,
      0.4,
      0.3793103448275862,
      0.39285714285714285,
      0.4074074074074074,
      0.4230769230769231,
      0.4,
      0.375,
      0.391304347826087,
      0.36363636363636365,
      0.3333333333333333,
      0.35,
      0.3684210526315789,
      0.3888888888888889,
      0.4117647058823529,
      0.375,
      0.3333333333333333,
      0.35714285714285715,
      0.3076923076923077,
      0.25,
      0.2727272727272727,
      0.3,
      0.3333333333333333,
      0.375,
      0.42857142857142855,
      0.3333333333333333,
      0.4,
      0.25,
      0.3333333333333333,
      0.5,
      1.0,
      1.0
    ],
    "recall": [
      1.0,
      1.0,
      1.0,
      0.9879518072289156,
      0.9879518072289156,
      0.9759036144578314,
      0.963855421686747,
      0.9518072289156626,
      0.9518072289156626,
      0.9518072289156626,
      0.9397590361445783,
      0.9397590361445783,
      0.9397590361445783,
      0.927710843373494,
      0.927710843373494,
      0.9156626506024096,
      0.9036144578313253,
      0.891566265060241,
      0.8795180722891566,
      0.8674698795180723,
      0.8554216867469879,
      0.8433734939759037,
      0.8433734939759037,
      0.8313253012048193,
      0.8313253012048193,
      0.8192771084337349,
      0.8072289156626506,
      0.7951807228915663,
      0.7831325301204819,
      0.7831325301204819,
      0.7710843373493976,
      0.7590361445783133,
      0.7590361445783133,
      0.7590361445783133,
      0.7469879518072289,
      0.7349397590361446,
      0.7349397590361446,
      0.7349397590361446,
      0.7228915662650602,
      0.7228915662650602,
      0.7228915662650602,
      0.7108433734939759,
      0.7108433734939759,
      0.6987951807228916,
      0.6867469879518072,
      0.6746987951807228,
      0.6626506024096386,
      0.6506024096385542,
      0.6385542168674698,
      0.6265060240963856,
      0.6144578313253012,
      0.6024096385542169,
      0.5903614457831325,
      0.5783132530120482,
      0.5783132530120482,
      0.5783132530120482,
      0.5662650602409639,
      0.5662650602409639,
      0.5542168674698795,
      0.5542168674698795,
      0.5542168674698795,
      0.5542168674698795,
      0.5542168674698795,
      0.5542168674698795,
      0.5421686746987951,
      0.5301204819277109,
      0.5180722891566265,
      0.5060240963855421,
      0.5060240963855421,
      0.4939759036144578,
      0.4819277108433735,
      0.46987951807228917,
      0.46987951807228917,
      0.4578313253012048,
      0.4578313253012048,
      0.4457831325301205,
      0.43373493975903615,
      0.43373493975903615,
      0.43373493975903615,
      0.43373493975903615,
      0.42168674698795183,
      0.40963855421686746,
      0.39759036144578314,
      0.3855421686746988,
      0.37349397590361444,
      0.37349397590361444,
      0.3614457831325301,
      0.3493975903614458,
      0.3373493975903614,
      0.3373493975903614,
      0.3373493975903614,
      0.3373493975903614,
      0.3373493975903614,
      0.3253012048192771,
      0.3253012048192771,
      0.3253012048192771,
      0.3132530120481928,
      0.3132530120481928,
      0.3132530120481928,
      0.30120481927710846,
      0.2891566265060241,
      0.2891566265060241,
      0.27710843373493976,
      0.27710843373493976,
      0.26506024096385544,
      0.26506024096385544,
      0.25301204819277107,
      0.24096385542168675,
      0.2289156626506024,
      0.2289156626506024,
      0.2289156626506024,
      0.21686746987951808,
      0.20481927710843373,
      0.20481927710843373,
      0.1927710843373494,
      0.18072289156626506,
      0.18072289156626506,
      0.1686746987951807,
      0.1686746987951807,
      0.1566265060240964,
      0.14457831325301204,
      0.14457831325301204,
      0.14457831325301204,
      0.14457831325301204,
      0.14457831325301204,
      0.14457831325301204,
      0.14457831325301204,
      0.14457831325301204,
      0.13253012048192772,
      0.13253012048192772,
      0.13253012048192772,
      0.13253012048192772,
      0.12048192771084337,
      0.10843373493975904,
      0.10843373493975904,
      0.0963855421686747,
      0.08433734939759036,
      0.08433734939759036,
      0.08433734939759036,
      0.08433734939759036,
      0.08433734939759036,
      0.07228915662650602,
      0.060240963855421686,
      0.060240963855421686,
      0.04819277108433735,
      0.03614457831325301,
      0.03614457831325301,
      0.03614457831325301,
      0.03614457831325301,
      0.03614457831325301,
      0.03614457831325301,
      0.024096385542168676,
      0.024096385542168676,
      0.012048192771084338,
