{
  "auc": 0.4272224031260175,
  "n_train": 365,
  "n_test": 157,
  "trained_at": "202607211918",
  "precision_recall_curve": {
    "precision": [
      0.5286624203821656,
      0.532051282051282,
      0.535483870967742,
      0.5324675324675324,
      0.5294117647058824,
      0.5328947368421053,
      0.5364238410596026,
      0.5333333333333333,
      0.5302013422818792,
      0.5337837837837838,
      0.5374149659863946,
      0.541095890410959,
      0.5379310344827586,
      0.5347222222222222,
      0.5314685314685315,
      0.528169014084507,
      0.524822695035461,
      0.5214285714285715,
      0.5179856115107914,
      0.5217391304347826,
      0.5255474452554745,
      0.5220588235294118,
      0.5185185185185185,
      0.5223880597014925,
      0.5263157894736842,
      0.5227272727272727,
      0.5190839694656488,
      0.5230769230769231,
      0.5271317829457365,
      0.5234375,
      0.5196850393700787,
      0.5238095238095238,
      0.528,
      0.5241935483870968,
      0.5203252032520326,
      0.5245901639344263,
      0.5206611570247934,
      0.5166666666666667,
      0.5126050420168067,
      0.5084745762711864,
      0.5042735042735043,
      0.5086206896551724,
      0.5043478260869565,
      0.5,
      0.504424778761062,
      0.5,
      0.4954954954954955,
      0.5,
      0.4954128440366973,
      0.5,
      0.5046728971962616,
      0.5,
      0.5047619047619047,
      0.5096153846153846,
      0.5048543689320388,
      0.5,
      0.504950495049505,
      0.51,
      0.5151515151515151,
      0.5102040816326531,
      0.5051546391752577,
      0.5104166666666666,
      0.5052631578947369,
      0.5,
      0.4946236559139785,
      0.5,
      0.5054945054945055,
      0.5,
      0.4943820224719101,
      0.48863636363636365,
      0.4942528735632184,
      0.4883720930232558,
      0.4823529411764706,
      0.47619047619047616,
      0.4819277108433735,
      0.4878048780487805,
      0.48148148148148145,
      0.475,
      0.46835443037974683,
      0.46153846153846156,
      0.4675324675324675,
      0.4605263157894737,
      0.4666666666666667,
      0.4594594594594595,
      0.4520547945205479,
      0.4444444444444444,
      0.4507042253521127,
      0.45714285714285713,
      0.463768115942029,
      0.45588235294117646,
      0.4626865671641791,
      0.45454545454545453,
      0.4461538461538462,
      0.453125,
      0.4603174603174603,
      0.46774193548387094,
      0.45901639344262296,
      0.4666666666666667,
      0.4576271186440678,
      0.4482758620689655,
      0.45614035087719296,
      0.44642857142857145,
      0.43636363636363634,
      0.42592592592592593,
      0.4339622641509434,
      0.4423076923076923,
      0.43137254901960786,
      0.42,
      0.42857142857142855,
      0.4166666666666667,
      0.425531914893617,
      0.43478260869565216,
      0.4444444444444444,
      0.4318181818181818,
      0.4418604651162791,
      0.4523809523809524,
      0.43902439024390244,
      0.425,
      0.4358974358974359,
      0.42105263157894735,
      0.40540540540540543,
      0.3888888888888889,
      0.4,
      0.4117647058823529,
      0.3939393939393939,
      0.375,
      0.3870967741935484,
      0.36666666666666664,
      0.3793103448275862,
      0.35714285714285715,
      0.37037037037037035,
      0.38461538461538464,
      0.36,
      0.375,
      0.391304347826087,
      0.36363636363636365,
      0.3333333333333333,
      0.3,
      0.2631578947368421,
      0.2777777777777778,
      0.29411764705882354,
      0.25,
      0.26666666666666666,
      0.2857142857142857,
      0.3076923076923077,
      0.25,
      0.18181818181818182,
      0.2,
      0.1111111111111111,
      0.125,
      0.14285714285714285,
      0.16666666666666666,
      0.2,
      0.25,
      0.3333333333333333,
      0.5,
      0.0,
      1.0
    ],
    "recall": [
      1.0,
      1.0,
      1.0,
      0.9879518072289156,
      0.9759036144578314,
      0.9759036144578314,
      0.9759036144578314,
      0.963855421686747,
      0.9518072289156626,
      0.9518072289156626,
      0.9518072289156626,
      0.9518072289156626,
      0.9397590361445783,
      0.927710843373494,
      0.9156626506024096,
      0.9036144578313253,
      0.891566265060241,
      0.8795180722891566,
      0.8674698795180723,
      0.8674698795180723,
      0.8674698795180723,
      0.8554216867469879,
      0.8433734939759037,
      0.8433734939759037,
      0.8433734939759037,
      0.8313253012048193,
      0.8192771084337349,
      0.8192771084337349,
      0.8192771084337349,
      0.8072289156626506,
      0.7951807228915663,
      0.7951807228915663,
      0.7951807228915663,
      0.7831325301204819,
      0.7710843373493976,
      0.7710843373493976,
      0.7590361445783133,
      0.7469879518072289,
      0.7349397590361446,
      0.7228915662650602,
      0.7108433734939759,
      0.7108433734939759,
      0.6987951807228916,
      0.6867469879518072,
      0.6867469879518072,
      0.6746987951807228,
      0.6626506024096386,
      0.6626506024096386,
      0.6506024096385542,
      0.6506024096385542,
      0.6506024096385542,
      0.6385542168674698,
      0.6385542168674698,
      0.6385542168674698,
      0.6265060240963856,
      0.6144578313253012,
      0.6144578313253012,
      0.6144578313253012,
      0.6144578313253012,
      0.6024096385542169,
      0.5903614457831325,
      0.5903614457831325,
      0.5783132530120482,
      0.5662650602409639,
      0.5542168674698795,
      0.5542168674698795,
      0.5542168674698795,
      0.5421686746987951,
      0.5301204819277109,
      0.5180722891566265,
      0.5180722891566265,
      0.5060240963855421,
      0.4939759036144578,
      0.4819277108433735,
      0.4819277108433735,
      0.4819277108433735,
      0.46987951807228917,
      0.4578313253012048,
      0.4457831325301205,
      0.43373493975903615,
      0.43373493975903615,
      0.42168674698795183,
      0.42168674698795183,
      0.40963855421686746,
      0.39759036144578314,
      0.3855421686746988,
      0.3855421686746988,
      0.3855421686746988,
      0.3855421686746988,
      0.37349397590361444,
      0.37349397590361444,
      0.3614457831325301,
      0.3493975903614458,
      0.3493975903614458,
      0.3493975903614458,
      0.3493975903614458,
      0.3373493975903614,
      0.3373493975903614,
      0.3253012048192771,
      0.3132530120481928,
      0.3132530120481928,
      0.30120481927710846,
      0.2891566265060241,
      0.27710843373493976,
      0.27710843373493976,
      0.27710843373493976,
      0.26506024096385544,
      0.25301204819277107,
      0.25301204819277107,
      0.24096385542168675,
      0.24096385542168675,
      0.24096385542168675,
      0.24096385542168675,
      0.2289156626506024,
      0.2289156626506024,
      0.2289156626506024,
      0.21686746987951808,
      0.20481927710843373,
      0.20481927710843373,
      0.1927710843373494,
      0.18072289156626506,
      0.1686746987951807,
      0.1686746987951807,
      0.1686746987951807,
      0.1566265060240964,
      0.14457831325301204,
      0.14457831325301204,
      0.13253012048192772,
      0.13253012048192772,
      0.12048192771084337,
      0.12048192771084337,
      0.12048192771084337,
      0.10843373493975904,
      0.10843373493975904,
      0.10843373493975904,
      0.0963855421686747,
      0.08433734939759036,
      0.07228915662650602,
      0.060240963855421686,
      0.060240963855421686,
      0.060240963855421686,
      0.04819277108433735,
      0.04819277108433735,
      0.04819277108433735,
      0.04819277108433735,
      0.03614457831325301,
      0.024096385542168676,
      0.024096385542168676,
      0.012048192771084338,
      0.012048192771084338,
      0.012048192771084338,
      0.012048192771084338,
      0.012048192771084338,
      0.012048192771084338,
      0.012048192771084338,
      0.012048192771084338,
      0.0,
      0.0
    ],