{
  "auc": 0.5442857142857143,
  "n_train": 364,
  "n_test": 156,
  "trained_at": "202607242033",
  "precision_recall_curve": {
    "precision": [
      0.358974358974359,
      0.3548387096774194,
      0.35714285714285715,
      0.35947712418300654,
      0.35526315789473684,
      0.3576158940397351,
      0.35333333333333333,
      0.35570469798657717,
      0.35135135135135137,
      0.35374149659863946,
      0.3493150684931507,
      0.35172413793103446,
      0.3541666666666667,
      0.35664335664335667,
      0.352112676056338,
      0.3546099290780142,
      0.35714285714285715,
      0.3597122302158273,
      0.36231884057971014,
      0.35766423357664234,
      0.35294117647058826,
      0.35555555555555557,
      0.35074626865671643,
      0.3533834586466165,
      0.3560606060606061,
      0.35877862595419846,
      0.36153846153846153,
      0.3643410852713178,
      0.3671875,
      0.3700787401574803,
      0.373015873015873,
      0.376,
      0.3709677419354839,
      0.37398373983739835,
      0.36885245901639346,
      0.371900826446281,
      0.375,
      0.37815126050420167,
      0.3728813559322034,
      0.36752136752136755,
      0.3706896551724138,
      0.3739130434782609,
      0.37719298245614036,
      0.3805309734513274,
      0.38392857142857145,
      0.38738738738738737,
      0.38181818181818183,
      0.3853211009174312,
      0.3888888888888889,
      0.38317757009345793,
      0.37735849056603776,
      0.38095238095238093,
      0.375,
      0.36893203883495146,
      0.37254901960784315,
      0.37623762376237624,
      0.38,
      0.3838383838383838,
      0.37755102040816324,
      0.3711340206185567,
      0.375,
      0.3684210526315789,
      0.3723404255319149,
      0.3763440860215054,
      0.3804347826086957,
      0.37362637362637363,
      0.37777777777777777,
      0.38202247191011235,
      0.375,
      0.367816091954023,
      0.37209302325581395,
      0.3764705882352941,
      0.38095238095238093,
      0.3855421686746988,
      0.3780487804878049,
      0.38271604938271603,
      0.375,
      0.379746835443038,
      0.38461538461538464,
      0.38961038961038963,
      0.3815789473684211,
      0.38666666666666666,
      0.3918918918918919,
      0.3835616438356164,
      0.3888888888888889,
      0.38028169014084506,
      0.37142857142857144,
      0.37681159420289856,
      0.38235294117647056,
      0.373134328358209,
      0.3787878787878788,
      0.38461538461538464,
      0.390625,
      0.3968253968253968,
      0.3870967741935484,
      0.39344262295081966,
      0.4,
      0.4067796610169492,
      0.41379310344827586,
      0.42105263157894735,
      0.42857142857142855,
      0.43636363636363634,
      0.4444444444444444,
      0.4528301886792453,
      0.46153846153846156,
      0.47058823529411764,
      0.48,
      0.4897959183673469,
      0.4791666666666667,
      0.46808510638297873,
      0.4782608695652174,
      0.4666666666666667,
      0.45454545454545453,
      0.4418604651162791,
      0.4523809523809524,
      0.43902439024390244,
      0.45,
      0.4358974358974359,
      0.4473684210526316,
      0.4594594594594595,
      0.4722222222222222,
      0.4857142857142857,
      0.47058823529411764,
      0.45454545454545453,
      0.4375,
      0.41935483870967744,
      0.43333333333333335,
      0.41379310344827586,
      0.42857142857142855,
      0.4444444444444444,
      0.46153846153846156,
      0.48,
      0.5,
      0.5217391304347826,
      0.5,
      0.47619047619047616,
      0.45,
      0.42105263157894735,
      0.3888888888888889,
      0.35294117647058826,
      0.375,
      0.3333333333333333,
      0.2857142857142857,
      0.23076923076923078,
      0.25,
      0.2727272727272727,
      0.2,
      0.2222222222222222,
      0.25,
      0.2857142857142857,
      0.3333333333333333,
      0.2,
      0.0,
      0.0,
      0.0,
      0.0,
      1.0
    ],
    "recall": [
      1.0,
      0.9821428571428571,
      0.9821428571428571,
      0.9821428571428571,
      0.9642857142857143,
      0.9642857142857143,
      0.9464285714285714,
      0.9464285714285714,
      0.9285714285714286,
      0.9285714285714286,
      0.9107142857142857,
      0.9107142857142857,
      0.9107142857142857,
      0.9107142857142857,
      0.8928571428571429,
      0.8928571428571429,
      0.8928571428571429,
      0.8928571428571429,
      0.8928571428571429,
      0.875,
      0.8571428571428571,
      0.8571428571428571,
      0.8392857142857143,
      0.8392857142857143,
      0.8392857142857143,
      0.8392857142857143,
      0.8392857142857143,
      0.8392857142857143,
      0.8392857142857143,
      0.8392857142857143,
      0.8392857142857143,
      0.8392857142857143,
      0.8214285714285714,
      0.8214285714285714,
      0.8035714285714286,
      0.8035714285714286,
      0.8035714285714286,
      0.8035714285714286,
      0.7857142857142857,
      0.7678571428571429,
      0.7678571428571429,
      0.7678571428571429,
      0.7678571428571429,
      0.7678571428571429,
      0.7678571428571429,
      0.7678571428571429,
      0.75,
      0.75,
      0.75,
      0.7321428571428571,
      0.7142857142857143,
      0.7142857142857143,
      0.6964285714285714,
      0.6785714285714286,
      0.6785714285714286,
      0.6785714285714286,
      0.6785714285714286,
      0.6785714285714286,
      0.6607142857142857,
      0.6428571428571429,
      0.6428571428571429,
      0.625,
      0.625,
      0.625,
      0.625,
      0.6071428571428571,
      0.6071428571428571,
      0.6071428571428571,
      0.5892857142857143,
      0.5714285714285714,
      0.5714285714285714,
      0.5714285714285714,
      0.5714285714285714,
      0.5714285714285714,
      0.5535714285714286,
      0.5535714285714286,
      0.5357142857142857,
      0.5357142857142857,
      0.5357142857142857,
      0.5357142857142857,
      0.5178571428571429,
      0.5178571428571429,
      0.5178571428571429,
      0.5,
      0.5,
      0.48214285714285715,
      0.4642857142857143,
      0.4642857142857143,
      0.4642857142857143,
      0.44642857142857145,
      0.44642857142857145,
      0.44642857142857145,
      0.44642857142857145,
      0.44642857142857145,
      0.42857142857142855,
      0.42857142857142855,
      0.42857142857142855,
      0.42857142857142855,
      0.42857142857142855,
      0.42857142857142855,
      0.42857142857142855,
      0.42857142857142855,
      0.42857142857142855,
      0.42857142857142855,
      0.42857142857142855,
      0.42857142857142855,
      0.42857142857142855,
      0.42857142857142855,
      0.4107142857142857,
      0.39285714285714285,
      0.39285714285714285,
      0.375,
      0.35714285714285715,
      0.3392857142857143,
      0.3392857142857143,
      0.32142857142857145,
      0.32142857142857145,
      0.30357142857142855,
      0.30357142857142855,
      0.30357142857142855,
      0.30357142857142855,
      0.30357142857142855,
      0.2857142857142857,
      0.26785714285714285,
      0.25,
      0.23214285714285715,
      0.23214285714285715,
      0.21428571428571427,
      0.21428571428571427,
      0.21428571428571427,
      0.21428571428571427,
      0.21428571428571427,
      0.21428571428571427,
      0.21428571428571427,
      0.19642857142857142,
      0.17857142857142858,
      0.16071428571428573,
      0.14285714285714285,
      0.125,
      0.10714285714285714,
      0.10714285714285714,
      0.08928571428571429,
      0.07142857142857142,
      0.05357142857142857,
      0.05357142857142857,
      0.05357142857142857,
      0.03571428571428571,
      0.03571428571428571,
      0.03571428571428571,
      0.03571428571428571,
      0.03571428571428571,
      0.017857142857142856,
      0.0,
      0.0,
      0.0,
      0.0,
      0.0
    ],