{
  "auc": 0.3879367172050099,
  "n_train": 364,
  "n_test": 156,
  "trained_at": "202607240940",
  "precision_recall_curve": {
    "precision": [
      0.5256410256410257,
      0.5290322580645161,
      0.5324675324675324,
      0.5359477124183006,
      0.5394736842105263,
      0.5364238410596026,
      0.5333333333333333,
      0.5302013422818792,
      0.527027027027027,
      0.5306122448979592,
      0.5273972602739726,
      0.5241379310344828,
      0.5208333333333334,
      0.5244755244755245,
      0.528169014084507,
      0.524822695035461,
      0.5214285714285715,
      0.5251798561151079,
      0.5217391304347826,
      0.5182481751824818,
      0.5147058823529411,
      0.5185185185185185,
      0.5223880597014925,
      0.518796992481203,
      0.5151515151515151,
      0.5114503816793893,
      0.5153846153846153,
      0.5116279069767442,
      0.515625,
      0.5118110236220472,
      0.5079365079365079,
      0.512,
      0.5080645161290323,
      0.5040650406504065,
      0.5081967213114754,
      0.5041322314049587,
      0.5,
      0.4957983193277311,
      0.5,
      0.49572649572649574,
      0.49137931034482757,
      0.4956521739130435,
      0.5,
      0.49557522123893805,
      0.49107142857142855,
      0.4864864864864865,
      0.4818181818181818,
      0.47706422018348627,
      0.48148148148148145,
      0.4766355140186916,
      0.4811320754716981,
      0.4857142857142857,
      0.4807692307692308,
      0.4854368932038835,
      0.4803921568627451,
      0.4752475247524752,
      0.48,
      0.47474747474747475,
      0.46938775510204084,
      0.4639175257731959,
      0.4583333333333333,
      0.45263157894736844,
      0.44680851063829785,
      0.45161290322580644,
      0.44565217391304346,
      0.45054945054945056,
      0.45555555555555555,
      0.449438202247191,
      0.45454545454545453,
      0.4482758620689655,
      0.4418604651162791,
      0.43529411764705883,
      0.42857142857142855,
      0.42168674698795183,
      0.4268292682926829,
      0.41975308641975306,
      0.425,
      0.43037974683544306,
      0.4230769230769231,
      0.42857142857142855,
      0.42105263157894735,
      0.41333333333333333,
      0.4189189189189189,
      0.4246575342465753,
      0.4305555555555556,
      0.4225352112676056,
      0.4142857142857143,
      0.42028985507246375,
      0.4264705882352941,
      0.417910447761194,
      0.42424242424242425,
      0.4307692307692308,
      0.421875,
      0.4126984126984127,
      0.4032258064516129,
      0.39344262295081966,
      0.4,
      0.3898305084745763,
      0.3793103448275862,
      0.38596491228070173,
      0.39285714285714285,
      0.4,
      0.3888888888888889,
      0.37735849056603776,
      0.38461538461538464,
      0.39215686274509803,
      0.38,
      0.3673469387755102,
      0.375,
      0.3829787234042553,
      0.391304347826087,
      0.37777777777777777,
      0.38636363636363635,
      0.3953488372093023,
      0.38095238095238093,
      0.3902439024390244,
      0.4,
      0.38461538461538464,
      0.3684210526315789,
      0.3783783783783784,
      0.3611111111111111,
      0.37142857142857144,
      0.38235294117647056,
      0.3939393939393939,
      0.40625,
      0.3870967741935484,
      0.36666666666666664,
      0.3448275862068966,
      0.35714285714285715,
      0.37037037037037035,
      0.38461538461538464,
      0.36,
      0.3333333333333333,
      0.34782608695652173,
      0.3181818181818182,
      0.3333333333333333,
      0.3,
      0.2631578947368421,
      0.2222222222222222,
      0.23529411764705882,
      0.25,
      0.26666666666666666,
      0.2857142857142857,
      0.23076923076923078,
      0.25,
      0.2727272727272727,
      0.3,
      0.3333333333333333,
      0.25,
      0.2857142857142857,
      0.3333333333333333,
      0.2,
      0.25,
      0.0,
      0.0,
      0.0,
      1.0
    ],
    "recall": [
      1.0,
      1.0,
      1.0,
      1.0,
      1.0,
      0.9878048780487805,
      0.975609756097561,
      0.9634146341463414,
      0.9512195121951219,
      0.9512195121951219,
      0.9390243902439024,
      0.926829268292683,
      0.9146341463414634,
      0.9146341463414634,
      0.9146341463414634,
      0.9024390243902439,
      0.8902439024390244,
      0.8902439024390244,
      0.8780487804878049,
      0.8658536585365854,
      0.8536585365853658,
      0.8536585365853658,
      0.8536585365853658,
      0.8414634146341463,
      0.8292682926829268,
      0.8170731707317073,
      0.8170731707317073,
      0.8048780487804879,
      0.8048780487804879,
      0.7926829268292683,
      0.7804878048780488,
      0.7804878048780488,
      0.7682926829268293,
      0.7560975609756098,
      0.7560975609756098,
      0.7439024390243902,
      0.7317073170731707,
      0.7195121951219512,
      0.7195121951219512,
      0.7073170731707317,
      0.6951219512195121,
      0.6951219512195121,
      0.6951219512195121,
      0.6829268292682927,
      0.6707317073170732,
      0.6585365853658537,
      0.6463414634146342,
      0.6341463414634146,
      0.6341463414634146,
      0.6219512195121951,
      0.6219512195121951,
      0.6219512195121951,
      0.6097560975609756,
      0.6097560975609756,
      0.5975609756097561,
      0.5853658536585366,
      0.5853658536585366,
      0.573170731707317,
      0.5609756097560976,
      0.5487804878048781,
      0.5365853658536586,
      0.524390243902439,
      0.5121951219512195,
      0.5121951219512195,
      0.5,
      0.5,
      0.5,
      0.4878048780487805,
      0.4878048780487805,
      0.47560975609756095,
      0.4634146341463415,
      0.45121951219512196,
      0.43902439024390244,
      0.4268292682926829,
      0.4268292682926829,
      0.4146341463414634,
      0.4146341463414634,
      0.4146341463414634,
      0.4024390243902439,
      0.4024390243902439,
      0.3902439024390244,
      0.3780487804878049,
      0.3780487804878049,
      0.3780487804878049,
      0.3780487804878049,
      0.36585365853658536,
      0.35365853658536583,
      0.35365853658536583,
      0.35365853658536583,
      0.34146341463414637,
      0.34146341463414637,
      0.34146341463414637,
      0.32926829268292684,
      0.3170731707317073,
      0.3048780487804878,
      0.2926829268292683,
      0.2926829268292683,
      0.2804878048780488,
      0.2682926829268293,
      0.2682926829268293,
      0.2682926829268293,
      0.2682926829268293,
      0.25609756097560976,
      0.24390243902439024,
      0.24390243902439024,
      0.24390243902439024,
      0.23170731707317074,
      0.21951219512195122,
      0.21951219512195122,
      0.21951219512195122,
      0.21951219512195122,
      0.2073170731707317,
      0.2073170731707317,
      0.2073170731707317,
      0.1951219512195122,
      0.1951219512195122,
      0.1951219512195122,
      0.18292682926829268,
      0.17073170731707318,
      0.17073170731707318,
      0.15853658536585366,
      0.15853658536585366,
      0.15853658536585366,
      0.15853658536585366,
      0.15853658536585366,
      0.14634146341463414,
      0.13414634146341464,
      0.12195121951219512,
      0.12195121951219512,
      0.12195121951219512,
      0.12195121951219512,
      0.10975609756097561,
      0.0975609756097561,
      0.0975609756097561,
      0.08536585365853659,
      0.08536585365853659,
      0.07317073170731707,
      0.06097560975609756,
      0.04878048780487805,
      0.04878048780487805,
      0.04878048780487805,
      0.04878048780487805,
      0.04878048780487805,
      0.036585365853658534,
      0.036585365853658534,
      0.036585365853658534,
      0.036585365853658534,
      0.036585365853658534,
      0.024390243902439025,
      0.024390243902439025,
      0.024390243902439025,
      0.012195121951219513,
      0.012195121951219513,
      0.0,
      0.0,
      0.0,
      0.0
    ],