{
  "auc": 0.3885135135135135,
  "n_train": 367,
  "n_test": 158,
  "trained_at": "202607160818",
  "precision_recall_curve": {
    "precision": [
      0.5316455696202531,
      0.535031847133758,
      0.532051282051282,
      0.535483870967742,
      0.538961038961039,
      0.5359477124183006,
      0.5394736842105263,
      0.5364238410596026,
      0.5333333333333333,
      0.5302013422818792,
      0.5337837837837838,
      0.5306122448979592,
      0.5273972602739726,
      0.5241379310344828,
      0.5208333333333334,
      0.5174825174825175,
      0.5140845070422535,
      0.5177304964539007,
      0.5214285714285715,
      0.5179856115107914,
      0.5217391304347826,
      0.5182481751824818,
      0.5220588235294118,
      0.5259259259259259,
      0.5223880597014925,
      0.5263157894736842,
      0.5227272727272727,
      0.5190839694656488,
      0.5153846153846153,
      0.5116279069767442,
      0.515625,
      0.5118110236220472,
      0.5079365079365079,
      0.504,
      0.5,
      0.4959349593495935,
      0.4918032786885246,
      0.49586776859504134,
      0.49166666666666664,
      0.48739495798319327,
      0.4830508474576271,
      0.48717948717948717,
      0.49137931034482757,
      0.4956521739130435,
      0.49122807017543857,
      0.49557522123893805,
      0.49107142857142855,
      0.4954954954954955,
      0.4909090909090909,
      0.4954128440366973,
      0.5,
      0.4953271028037383,
      0.49056603773584906,
      0.4857142857142857,
      0.4807692307692308,
      0.47572815533980584,
      0.4803921568627451,
      0.4752475247524752,
      0.47,
      0.47474747474747475,
      0.47959183673469385,
      0.4845360824742268,
      0.4791666666666667,
      0.47368421052631576,
      0.46808510638297873,
      0.4731182795698925,
      0.4673913043478261,
      0.46153846153846156,
      0.45555555555555555,
      0.4606741573033708,
      0.45454545454545453,
      0.4482758620689655,
      0.4418604651162791,
      0.4470588235294118,
      0.4523809523809524,
      0.4457831325301205,
      0.43902439024390244,
      0.4444444444444444,
      0.45,
      0.4430379746835443,
      0.4358974358974359,
      0.42857142857142855,
      0.42105263157894735,
      0.41333333333333333,
      0.40540540540540543,
      0.3972602739726027,
      0.3888888888888889,
      0.39436619718309857,
      0.4,
      0.4057971014492754,
      0.4117647058823529,
      0.417910447761194,
      0.42424242424242425,
      0.4153846153846154,
      0.40625,
      0.3968253968253968,
      0.4032258064516129,
      0.4098360655737705,
      0.4,
      0.4067796610169492,
      0.41379310344827586,
      0.40350877192982454,
      0.39285714285714285,
      0.4,
      0.3888888888888889,
      0.39622641509433965,
      0.40384615384615385,
      0.39215686274509803,
      0.4,
      0.3877551020408163,
      0.3958333333333333,
      0.40425531914893614,
      0.391304347826087,
      0.37777777777777777,
      0.38636363636363635,
      0.3953488372093023,
      0.40476190476190477,
      0.4146341463414634,
      0.425,
      0.41025641025641024,
      0.39473684210526316,
      0.40540540540540543,
      0.4166666666666667,
      0.4,
      0.4117647058823529,
      0.42424242424242425,
      0.40625,
      0.3870967741935484,
      0.36666666666666664,
      0.3793103448275862,
      0.39285714285714285,
      0.37037037037037035,
      0.34615384615384615,
      0.32,
      0.3333333333333333,
      0.34782608695652173,
      0.36363636363636365,
      0.38095238095238093,
      0.35,
      0.3157894736842105,
      0.3333333333333333,
      0.35294117647058826,
      0.375,
      0.3333333333333333,
      0.35714285714285715,
      0.38461538461538464,
      0.3333333333333333,
      0.36363636363636365,
      0.4,
      0.4444444444444444,
      0.5,
      0.5714285714285714,
      0.5,
      0.4,
      0.5,
      0.3333333333333333,
      0.0,
      0.0,
      1.0
    ],
    "recall": [
      1.0,
      1.0,
      0.9880952380952381,
      0.9880952380952381,
      0.9880952380952381,
      0.9761904761904762,
      0.9761904761904762,
      0.9642857142857143,
      0.9523809523809523,
      0.9404761904761905,
      0.9404761904761905,
      0.9285714285714286,
      0.9166666666666666,
      0.9047619047619048,
      0.8928571428571429,
      0.8809523809523809,
      0.8690476190476191,
      0.8690476190476191,
      0.8690476190476191,
      0.8571428571428571,
      0.8571428571428571,
      0.8452380952380952,
      0.8452380952380952,
      0.8452380952380952,
      0.8333333333333334,
      0.8333333333333334,
      0.8214285714285714,
      0.8095238095238095,
      0.7976190476190477,
      0.7857142857142857,
      0.7857142857142857,
      0.7738095238095238,
      0.7619047619047619,
      0.75,
      0.7380952380952381,
      0.7261904761904762,
      0.7142857142857143,
      0.7142857142857143,
      0.7023809523809523,
      0.6904761904761905,
      0.6785714285714286,
      0.6785714285714286,
      0.6785714285714286,
      0.6785714285714286,
      0.6666666666666666,
      0.6666666666666666,
      0.6547619047619048,
      0.6547619047619048,
      0.6428571428571429,
      0.6428571428571429,
      0.6428571428571429,
      0.6309523809523809,
      0.6190476190476191,
      0.6071428571428571,
      0.5952380952380952,
      0.5833333333333334,
      0.5833333333333334,
      0.5714285714285714,
      0.5595238095238095,
      0.5595238095238095,
      0.5595238095238095,
      0.5595238095238095,
      0.5476190476190477,
      0.5357142857142857,
      0.5238095238095238,
      0.5238095238095238,
      0.5119047619047619,
      0.5,
      0.4880952380952381,
      0.4880952380952381,
      0.47619047619047616,
      0.4642857142857143,
      0.4523809523809524,
      0.4523809523809524,
      0.4523809523809524,
      0.44047619047619047,
      0.42857142857142855,
      0.42857142857142855,
      0.42857142857142855,
      0.4166666666666667,
      0.40476190476190477,
      0.39285714285714285,
      0.38095238095238093,
      0.36904761904761907,
      0.35714285714285715,
      0.34523809523809523,
      0.3333333333333333,
      0.3333333333333333,
      0.3333333333333333,
      0.3333333333333333,
      0.3333333333333333,
      0.3333333333333333,
      0.3333333333333333,
      0.32142857142857145,
      0.30952380952380953,
      0.2976190476190476,
      0.2976190476190476,
      0.2976190476190476,
      0.2857142857142857,
      0.2857142857142857,
      0.2857142857142857,
      0.27380952380952384,
      0.2619047619047619,
      0.2619047619047619,
      0.25,
      0.25,
      0.25,
      0.23809523809523808,
      0.23809523809523808,
      0.2261904761904762,
      0.2261904761904762,
      0.2261904761904762,
      0.21428571428571427,
      0.20238095238095238,
      0.20238095238095238,
      0.20238095238095238,
      0.20238095238095238,
      0.20238095238095238,
      0.20238095238095238,
      0.19047619047619047,
      0.17857142857142858,
      0.17857142857142858,
      0.17857142857142858,
      0.16666666666666666,
      0.16666666666666666,
      0.16666666666666666,
      0.15476190476190477,
      0.14285714285714285,
      0.13095238095238096,
      0.13095238095238096,
      0.13095238095238096,
      0.11904761904761904,
      0.10714285714285714,
      0.09523809523809523,
      0.09523809523809523,
      0.09523809523809523,
      0.09523809523809523,
      0.09523809523809523,
      0.08333333333333333,
      0.07142857142857142,
      0.07142857142857142,
      0.07142857142857142,
      0.07142857142857142,
      0.05952380952380952,
      0.05952380952380952,
      0.05952380952380952,
      0.047619047619047616,
      0.047619047619047616,
      0.047619047619047616,
      0.047619047619047616,
      0.047619047619047616,
      0.047619047619047616,
      0.03571428571428571,
      0.023809523809523808,
      0.023809523809523808,
