{
  "auc": 0.45018115942028986,
  "n_train": 347,
  "n_test": 149,
  "trained_at": "202607160830",
  "precision_recall_curve": {
    "precision": [
      0.46308724832214765,
      0.46621621621621623,
      0.46938775510204084,
      0.4726027397260274,
      0.4689655172413793,
      0.4652777777777778,
      0.46853146853146854,
      0.4647887323943662,
      0.46099290780141844,
      0.45714285714285713,
      0.460431654676259,
      0.463768115942029,
      0.46715328467153283,
      0.47058823529411764,
      0.4740740740740741,
      0.4701492537313433,
      0.46616541353383456,
      0.4696969696969697,
      0.46564885496183206,
      0.46153846153846156,
      0.4573643410852713,
      0.4609375,
      0.4566929133858268,
      0.4523809523809524,
      0.448,
      0.45161290322580644,
      0.45528455284552843,
      0.45901639344262296,
      0.45454545454545453,
      0.45,
      0.44537815126050423,
      0.4406779661016949,
      0.4358974358974359,
      0.43103448275862066,
      0.43478260869565216,
      0.43859649122807015,
      0.4424778761061947,
      0.4375,
      0.44144144144144143,
      0.44545454545454544,
      0.44954128440366975,
      0.4537037037037037,
      0.45794392523364486,
      0.4528301886792453,
      0.44761904761904764,
      0.4519230769230769,
      0.4563106796116505,
      0.46078431372549017,
      0.45544554455445546,
      0.46,
      0.46464646464646464,
      0.45918367346938777,
      0.4536082474226804,
      0.4479166666666667,
      0.4421052631578947,
      0.44680851063829785,
      0.44086021505376344,
      0.43478260869565216,
      0.42857142857142855,
      0.4222222222222222,
      0.42696629213483145,
      0.4318181818181818,
      0.42528735632183906,
      0.43023255813953487,
      0.43529411764705883,
      0.42857142857142855,
      0.43373493975903615,
      0.4268292682926829,
      0.41975308641975306,
      0.425,
      0.43037974683544306,
      0.4358974358974359,
      0.44155844155844154,
      0.4342105263157895,
      0.4266666666666667,
      0.43243243243243246,
      0.4246575342465753,
      0.4166666666666667,
      0.4084507042253521,
      0.4142857142857143,
      0.4057971014492754,
      0.4117647058823529,
      0.417910447761194,
      0.42424242424242425,
      0.4153846153846154,
      0.421875,
      0.4126984126984127,
      0.41935483870967744,
      0.4262295081967213,
      0.4166666666666667,
      0.423728813559322,
      0.43103448275862066,
      0.42105263157894735,
      0.4107142857142857,
      0.4,
      0.4074074074074074,
      0.39622641509433965,
      0.38461538461538464,
      0.37254901960784315,
      0.38,
      0.3673469387755102,
      0.375,
      0.3829787234042553,
      0.3695652173913043,
      0.37777777777777777,
      0.36363636363636365,
      0.37209302325581395,
      0.38095238095238093,
      0.3902439024390244,
      0.4,
      0.38461538461538464,
      0.3684210526315789,
      0.35135135135135137,
      0.3611111111111111,
      0.34285714285714286,
      0.35294117647058826,
      0.36363636363636365,
      0.375,
      0.3870967741935484,
      0.36666666666666664,
      0.3793103448275862,
      0.39285714285714285,
      0.37037037037037035,
      0.38461538461538464,
      0.36,
      0.375,
      0.391304347826087,
      0.4090909090909091,
      0.38095238095238093,
      0.4,
      0.3684210526315789,
      0.3888888888888889,
      0.35294117647058826,
      0.375,
      0.4,
      0.42857142857142855,
      0.38461538461538464,
      0.3333333333333333,
      0.36363636363636365,
      0.4,
      0.4444444444444444,
      0.5,
      0.42857142857142855,
      0.5,
      0.4,
      0.5,
      0.6666666666666666,
      1.0,
      1.0,
      1.0
    ],
    "recall": [
      1.0,
      1.0,
      1.0,
      1.0,
      0.9855072463768116,
      0.9710144927536232,
      0.9710144927536232,
      0.9565217391304348,
      0.9420289855072463,
      0.927536231884058,
      0.927536231884058,
      0.927536231884058,
      0.927536231884058,
      0.927536231884058,
      0.927536231884058,
      0.9130434782608695,
      0.8985507246376812,
      0.8985507246376812,
      0.8840579710144928,
      0.8695652173913043,
      0.855072463768116,
      0.855072463768116,
      0.8405797101449275,
      0.8260869565217391,
      0.8115942028985508,
      0.8115942028985508,
      0.8115942028985508,
      0.8115942028985508,
      0.7971014492753623,
      0.782608695652174,
      0.7681159420289855,
      0.7536231884057971,
      0.7391304347826086,
      0.7246376811594203,
      0.7246376811594203,
      0.7246376811594203,
      0.7246376811594203,
      0.7101449275362319,
      0.7101449275362319,
      0.7101449275362319,
      0.7101449275362319,
      0.7101449275362319,
      0.7101449275362319,
      0.6956521739130435,
      0.6811594202898551,
      0.6811594202898551,
      0.6811594202898551,
      0.6811594202898551,
      0.6666666666666666,
      0.6666666666666666,
      0.6666666666666666,
      0.6521739130434783,
      0.6376811594202898,
      0.6231884057971014,
      0.6086956521739131,
      0.6086956521739131,
      0.5942028985507246,
      0.5797101449275363,
      0.5652173913043478,
      0.5507246376811594,
      0.5507246376811594,
      0.5507246376811594,
      0.5362318840579711,
      0.5362318840579711,
      0.5362318840579711,
      0.5217391304347826,
      0.5217391304347826,
      0.5072463768115942,
      0.4927536231884058,
      0.4927536231884058,
      0.4927536231884058,
      0.4927536231884058,
      0.4927536231884058,
      0.4782608695652174,
      0.463768115942029,
      0.463768115942029,
      0.4492753623188406,
      0.43478260869565216,
      0.42028985507246375,
      0.42028985507246375,
      0.4057971014492754,
      0.4057971014492754,
      0.4057971014492754,
      0.4057971014492754,
      0.391304347826087,
      0.391304347826087,
      0.37681159420289856,
      0.37681159420289856,
      0.37681159420289856,
      0.36231884057971014,
      0.36231884057971014,
      0.36231884057971014,
      0.34782608695652173,
      0.3333333333333333,
      0.3188405797101449,
      0.3188405797101449,
      0.30434782608695654,
      0.2898550724637681,
      0.2753623188405797,
      0.2753623188405797,
      0.2608695652173913,
      0.2608695652173913,
      0.2608695652173913,
      0.2463768115942029,
      0.2463768115942029,
      0.2318840579710145,
      0.2318840579710145,
      0.2318840579710145,
      0.2318840579710145,
      0.2318840579710145,
      0.21739130434782608,
      0.2028985507246377,
      0.18840579710144928,
      0.18840579710144928,
      0.17391304347826086,
      0.17391304347826086,
      0.17391304347826086,
      0.17391304347826086,
      0.17391304347826086,
      0.15942028985507245,
      0.15942028985507245,
      0.15942028985507245,
      0.14492753623188406,
      0.14492753623188406,
      0.13043478260869565,
      0.13043478260869565,
      0.13043478260869565,
      0.13043478260869565,
      0.11594202898550725,
      0.11594202898550725,
      0.10144927536231885,
      0.10144927536231885,
      0.08695652173913043,
      0.08695652173913043,
      0.08695652173913043,
      0.08695652173913043,
      0.07246376811594203,
      0.057971014492753624,
      0.057971014492753624,
      0.057971014492753624,
      0.057971014492753624,
      0.057971014492753624,
      0.043478260869565216,
      0.043478260869565216,
      0.028985507246376812,
      0.028985507246376812,
      0.028985507246376812,
      0.028985507246376812,
      0.014492753623188406,
      0.0
    ],