{
  "auc": 0.47367465504720413,
  "n_train": 346,
  "n_test": 149,
  "trained_at": "202607211926",
  "precision_recall_curve": {
    "precision": [
      0.4563758389261745,
      0.4594594594594595,
      0.46258503401360546,
      0.4657534246575342,
      0.46206896551724136,
      0.4652777777777778,
      0.46153846153846156,
      0.4647887323943662,
      0.46099290780141844,
      0.45714285714285713,
      0.45323741007194246,
      0.4492753623188406,
      0.44525547445255476,
      0.4485294117647059,
      0.45185185185185184,
      0.4552238805970149,
      0.45864661654135336,
      0.4621212121212121,
      0.4580152671755725,
      0.46153846153846156,
      0.4573643410852713,
      0.453125,
      0.4566929133858268,
      0.4523809523809524,
      0.448,
      0.4435483870967742,
      0.44715447154471544,
      0.45081967213114754,
      0.4462809917355372,
      0.45,
      0.44537815126050423,
      0.4406779661016949,
      0.4444444444444444,
      0.4396551724137931,
      0.4434782608695652,
      0.43859649122807015,
      0.4336283185840708,
      0.4375,
      0.43243243243243246,
      0.42727272727272725,
      0.43119266055045874,
      0.42592592592592593,
      0.42990654205607476,
      0.4339622641509434,
      0.4380952380952381,
      0.4326923076923077,
      0.4368932038834951,
      0.4411764705882353,
      0.44554455445544555,
      0.44,
      0.4444444444444444,
      0.4387755102040816,
      0.44329896907216493,
      0.4375,
      0.43157894736842106,
      0.43617021276595747,
      0.44086021505376344,
      0.43478260869565216,
      0.42857142857142855,
      0.43333333333333335,
      0.42696629213483145,
      0.4318181818181818,
      0.42528735632183906,
      0.43023255813953487,
      0.43529411764705883,
      0.44047619047619047,
      0.4457831325301205,
      0.45121951219512196,
      0.4444444444444444,
      0.45,
      0.4430379746835443,
      0.44871794871794873,
      0.44155844155844154,
      0.4342105263157895,
      0.44,
      0.43243243243243246,
      0.4246575342465753,
      0.4305555555555556,
      0.43661971830985913,
      0.44285714285714284,
      0.43478260869565216,
      0.4411764705882353,
      0.44776119402985076,
      0.4393939393939394,
      0.4461538461538462,
      0.453125,
      0.4603174603174603,
      0.46774193548387094,
      0.45901639344262296,
      0.45,
      0.4576271186440678,
      0.4482758620689655,
      0.45614035087719296,
      0.44642857142857145,
      0.43636363636363634,
      0.42592592592592593,
      0.41509433962264153,
      0.4230769230769231,
      0.43137254901960786,
      0.42,
      0.42857142857142855,
      0.4166666666666667,
      0.40425531914893614,
      0.391304347826087,
      0.4,
      0.38636363636363635,
      0.3953488372093023,
      0.40476190476190477,
      0.4146341463414634,
      0.425,
      0.4358974358974359,
      0.4473684210526316,
      0.43243243243243246,
      0.4166666666666667,
      0.42857142857142855,
      0.4411764705882353,
      0.42424242424242425,
      0.4375,
      0.45161290322580644,
      0.4666666666666667,
      0.4827586206896552,
      0.5,
      0.48148148148148145,
      0.5,
      0.48,
      0.4583333333333333,
      0.4782608695652174,
      0.45454545454545453,
      0.47619047619047616,
      0.5,
      0.47368421052631576,
      0.4444444444444444,
      0.4117647058823529,
      0.375,
      0.4,
      0.42857142857142855,
      0.38461538461538464,
      0.3333333333333333,
      0.36363636363636365,
      0.3,
      0.3333333333333333,
      0.25,
      0.2857142857142857,
      0.3333333333333333,
      0.4,
      0.25,
      0.3333333333333333,
      0.5,
      0.0,
      1.0
    ],
    "recall": [
      1.0,
      1.0,
      1.0,
      1.0,
      0.9852941176470589,
      0.9852941176470589,
      0.9705882352941176,
      0.9705882352941176,
      0.9558823529411765,
      0.9411764705882353,
      0.9264705882352942,
      0.9117647058823529,
      0.8970588235294118,
      0.8970588235294118,
      0.8970588235294118,
      0.8970588235294118,
      0.8970588235294118,
      0.8970588235294118,
      0.8823529411764706,
      0.8823529411764706,
      0.8676470588235294,
      0.8529411764705882,
      0.8529411764705882,
      0.8382352941176471,
      0.8235294117647058,
      0.8088235294117647,
      0.8088235294117647,
      0.8088235294117647,
      0.7941176470588235,
      0.7941176470588235,
      0.7794117647058824,
      0.7647058823529411,
      0.7647058823529411,
      0.75,
      0.75,
      0.7352941176470589,
      0.7205882352941176,
      0.7205882352941176,
      0.7058823529411765,
      0.6911764705882353,
      0.6911764705882353,
      0.6764705882352942,
      0.6764705882352942,
      0.6764705882352942,
      0.6764705882352942,
      0.6617647058823529,
      0.6617647058823529,
      0.6617647058823529,
      0.6617647058823529,
      0.6470588235294118,
      0.6470588235294118,
      0.6323529411764706,
      0.6323529411764706,
      0.6176470588235294,
      0.6029411764705882,
      0.6029411764705882,
      0.6029411764705882,
      0.5882352941176471,
      0.5735294117647058,
      0.5735294117647058,
      0.5588235294117647,
      0.5588235294117647,
      0.5441176470588235,
      0.5441176470588235,
      0.5441176470588235,
      0.5441176470588235,
      0.5441176470588235,
      0.5441176470588235,
      0.5294117647058824,
      0.5294117647058824,
      0.5147058823529411,
      0.5147058823529411,
      0.5,
      0.4852941176470588,
      0.4852941176470588,
      0.47058823529411764,
      0.45588235294117646,
      0.45588235294117646,
      0.45588235294117646,
      0.45588235294117646,
      0.4411764705882353,
      0.4411764705882353,
      0.4411764705882353,
      0.4264705882352941,
      0.4264705882352941,
      0.4264705882352941,
      0.4264705882352941,
      0.4264705882352941,
      0.4117647058823529,
      0.39705882352941174,
      0.39705882352941174,
      0.38235294117647056,
      0.38235294117647056,
      0.36764705882352944,
      0.35294117647058826,
      0.3382352941176471,
      0.3235294117647059,
      0.3235294117647059,
      0.3235294117647059,
      0.3088235294117647,
      0.3088235294117647,
      0.29411764705882354,
      0.27941176470588236,
      0.2647058823529412,
      0.2647058823529412,
      0.25,
      0.25,
      0.25,
      0.25,
      0.25,
      0.25,
      0.25,
      0.23529411764705882,
      0.22058823529411764,
      0.22058823529411764,
      0.22058823529411764,
      0.20588235294117646,
      0.20588235294117646,
      0.20588235294117646,
      0.20588235294117646,
      0.20588235294117646,
      0.20588235294117646,
      0.19117647058823528,
      0.19117647058823528,
      0.17647058823529413,
      0.16176470588235295,
      0.16176470588235295,
      0.14705882352941177,
      0.14705882352941177,
      0.14705882352941177,
      0.1323529411764706,
      0.11764705882352941,
      0.10294117647058823,
      0.08823529411764706,
      0.08823529411764706,
      0.08823529411764706,
      0.07352941176470588,
      0.058823529411764705,
      0.058823529411764705,
      0.04411764705882353,
      0.04411764705882353,
      0.029411764705882353,
      0.029411764705882353,
      0.029411764705882353,
      0.029411764705882353,
      0.014705882352941176,
      0.014705882352941176,
      0.014705882352941176,
      0.0,
      0.0
    ],