{
  "auc": 0.5007262164124909,
  "n_train": 347,
  "n_test": 149,
  "trained_at": "202607230712",
  "precision_recall_curve": {
    "precision": [
      0.4563758389261745,
      0.4594594594594595,
      0.46258503401360546,
      0.4657534246575342,
      0.4689655172413793,
      0.4652777777777778,
      0.46153846153846156,
      0.4647887323943662,
      0.46808510638297873,
      0.4714285714285714,
      0.4676258992805755,
      0.47101449275362317,
      0.4744525547445255,
      0.47794117647058826,
      0.4740740740740741,
      0.4701492537313433,
      0.46616541353383456,
      0.4696969696969697,
      0.4732824427480916,
      0.46923076923076923,
      0.4728682170542636,
      0.46875,
      0.47244094488188976,
      0.46825396825396826,
      0.464,
      0.46774193548387094,
      0.4715447154471545,
      0.4672131147540984,
      0.4628099173553719,
      0.4666666666666667,
      0.46218487394957986,
      0.4576271186440678,
      0.46153846153846156,
      0.46551724137931033,
      0.46956521739130436,
      0.47368421052631576,
      0.4778761061946903,
      0.48214285714285715,
      0.4864864864864865,
      0.4818181818181818,
      0.47706422018348627,
      0.4722222222222222,
      0.4672897196261682,
      0.4716981132075472,
      0.4666666666666667,
      0.46153846153846156,
      0.4563106796116505,
      0.46078431372549017,
      0.46534653465346537,
      0.47,
      0.47474747474747475,
      0.46938775510204084,
      0.4639175257731959,
      0.4583333333333333,
      0.4631578947368421,
      0.4574468085106383,
      0.46236559139784944,
      0.4673913043478261,
      0.4725274725274725,
      0.4666666666666667,
      0.4606741573033708,
      0.45454545454545453,
      0.4482758620689655,
      0.45348837209302323,
      0.4588235294117647,
      0.4523809523809524,
      0.4457831325301205,
      0.45121951219512196,
      0.4444444444444444,
      0.45,
      0.4430379746835443,
      0.4358974358974359,
      0.44155844155844154,
      0.4342105263157895,
      0.44,
      0.43243243243243246,
      0.4246575342465753,
      0.4305555555555556,
      0.43661971830985913,
      0.44285714285714284,
      0.4492753623188406,
      0.45588235294117646,
      0.4626865671641791,
      0.45454545454545453,
      0.4461538461538462,
      0.4375,
      0.42857142857142855,
      0.41935483870967744,
      0.4098360655737705,
      0.4,
      0.4067796610169492,
      0.41379310344827586,
      0.42105263157894735,
      0.42857142857142855,
      0.43636363636363634,
      0.4444444444444444,
      0.4528301886792453,
      0.46153846153846156,
      0.45098039215686275,
      0.46,
      0.46938775510204084,
      0.4583333333333333,
      0.44680851063829785,
      0.45652173913043476,
      0.4666666666666667,
      0.45454545454545453,
      0.4418604651162791,
      0.4523809523809524,
      0.4634146341463415,
      0.475,
      0.46153846153846156,
      0.47368421052631576,
      0.4594594594594595,
      0.4444444444444444,
      0.45714285714285713,
      0.4411764705882353,
      0.45454545454545453,
      0.46875,
      0.4838709677419355,
      0.4666666666666667,
      0.4482758620689655,
      0.42857142857142855,
      0.4074074074074074,
      0.38461538461538464,
      0.36,
      0.3333333333333333,
      0.34782608695652173,
      0.36363636363636365,
      0.3333333333333333,
      0.35,
      0.3157894736842105,
      0.3333333333333333,
      0.35294117647058826,
      0.375,
      0.4,
      0.42857142857142855,
      0.38461538461538464,
      0.3333333333333333,
      0.36363636363636365,
      0.4,
      0.3333333333333333,
      0.25,
      0.2857142857142857,
      0.3333333333333333,
      0.4,
      0.25,
      0.0,
      0.0,
      0.0,
      1.0
    ],
    "recall": [
      1.0,
      1.0,
      1.0,
      1.0,
      1.0,
      0.9852941176470589,
      0.9705882352941176,
      0.9705882352941176,
      0.9705882352941176,
      0.9705882352941176,
      0.9558823529411765,
      0.9558823529411765,
      0.9558823529411765,
      0.9558823529411765,
      0.9411764705882353,
      0.9264705882352942,
      0.9117647058823529,
      0.9117647058823529,
      0.9117647058823529,
      0.8970588235294118,
      0.8970588235294118,
      0.8823529411764706,
      0.8823529411764706,
      0.8676470588235294,
      0.8529411764705882,
      0.8529411764705882,
      0.8529411764705882,
      0.8382352941176471,
      0.8235294117647058,
      0.8235294117647058,
      0.8088235294117647,
      0.7941176470588235,
      0.7941176470588235,
      0.7941176470588235,
      0.7941176470588235,
      0.7941176470588235,
      0.7941176470588235,
      0.7941176470588235,
      0.7941176470588235,
      0.7794117647058824,
      0.7647058823529411,
      0.75,
      0.7352941176470589,
      0.7352941176470589,
      0.7205882352941176,
      0.7058823529411765,
      0.6911764705882353,
      0.6911764705882353,
      0.6911764705882353,
      0.6911764705882353,
      0.6911764705882353,
      0.6764705882352942,
      0.6617647058823529,
      0.6470588235294118,
      0.6470588235294118,
      0.6323529411764706,
      0.6323529411764706,
      0.6323529411764706,
      0.6323529411764706,
      0.6176470588235294,
      0.6029411764705882,
      0.5882352941176471,
      0.5735294117647058,
      0.5735294117647058,
      0.5735294117647058,
      0.5588235294117647,
      0.5441176470588235,
      0.5441176470588235,
      0.5294117647058824,
      0.5294117647058824,
      0.5147058823529411,
      0.5,
      0.5,
      0.4852941176470588,
      0.4852941176470588,
      0.47058823529411764,
      0.45588235294117646,
      0.45588235294117646,
      0.45588235294117646,
      0.45588235294117646,
      0.45588235294117646,
      0.45588235294117646,
      0.45588235294117646,
      0.4411764705882353,
      0.4264705882352941,
      0.4117647058823529,
      0.39705882352941174,
      0.38235294117647056,
      0.36764705882352944,
      0.35294117647058826,
      0.35294117647058826,
      0.35294117647058826,
      0.35294117647058826,
      0.35294117647058826,
      0.35294117647058826,
      0.35294117647058826,
      0.35294117647058826,
      0.35294117647058826,
      0.3382352941176471,
      0.3382352941176471,
      0.3382352941176471,
      0.3235294117647059,
      0.3088235294117647,
      0.3088235294117647,
      0.3088235294117647,
      0.29411764705882354,
      0.27941176470588236,
      0.27941176470588236,
      0.27941176470588236,
      0.27941176470588236,
      0.2647058823529412,
      0.2647058823529412,
      0.25,
      0.23529411764705882,
      0.23529411764705882,
      0.22058823529411764,
      0.22058823529411764,
      0.22058823529411764,
      0.22058823529411764,
      0.20588235294117646,
      0.19117647058823528,
      0.17647058823529413,
      0.16176470588235295,
      0.14705882352941177,
      0.1323529411764706,
      0.11764705882352941,
      0.11764705882352941,
      0.11764705882352941,
      0.10294117647058823,
      0.10294117647058823,
      0.08823529411764706,
      0.08823529411764706,
      0.08823529411764706,
      0.08823529411764706,
      0.08823529411764706,
      0.08823529411764706,
      0.07352941176470588,
      0.058823529411764705,
      0.058823529411764705,
      0.058823529411764705,
      0.04411764705882353,
      0.029411764705882353,
      0.029411764705882353,
      0.029411764705882353,
      0.029411764705882353,
      0.014705882352941176,
      0.0,
      0.0,
      0.0,
      0.0
    ],