{
  "auc": 0.48674655047204063,
  "n_train": 347,
  "n_test": 149,
  "trained_at": "202607240953",
  "precision_recall_curve": {
    "precision": [
      0.4563758389261745,
      0.4594594594594595,
      0.46258503401360546,
      0.4589041095890411,
      0.46206896551724136,
      0.4652777777777778,
      0.46153846153846156,
      0.45774647887323944,
      0.46099290780141844,
      0.45714285714285713,
      0.460431654676259,
      0.463768115942029,
      0.46715328467153283,
      0.47058823529411764,
      0.4666666666666667,
      0.4626865671641791,
      0.46616541353383456,
      0.4621212121212121,
      0.4580152671755725,
      0.46153846153846156,
      0.4573643410852713,
      0.453125,
      0.4566929133858268,
      0.4603174603174603,
      0.464,
      0.46774193548387094,
      0.4715447154471545,
      0.47540983606557374,
      0.47107438016528924,
      0.4666666666666667,
      0.47058823529411764,
      0.4745762711864407,
      0.47863247863247865,
      0.47413793103448276,
      0.46956521739130436,
      0.4649122807017544,
      0.46017699115044247,
      0.45535714285714285,
      0.45045045045045046,
      0.45454545454545453,
      0.44954128440366975,
      0.4537037037037037,
      0.4485981308411215,
      0.4528301886792453,
      0.45714285714285713,
      0.4519230769230769,
      0.4563106796116505,
      0.45098039215686275,
      0.44554455445544555,
      0.45,
      0.4444444444444444,
      0.4489795918367347,
      0.44329896907216493,
      0.4375,
      0.4421052631578947,
      0.44680851063829785,
      0.44086021505376344,
      0.43478260869565216,
      0.42857142857142855,
      0.43333333333333335,
      0.43820224719101125,
      0.4318181818181818,
      0.42528735632183906,
      0.43023255813953487,
      0.43529411764705883,
      0.42857142857142855,
      0.42168674698795183,
      0.4268292682926829,
      0.43209876543209874,
      0.4375,
      0.43037974683544306,
      0.4230769230769231,
      0.42857142857142855,
      0.42105263157894735,
      0.41333333333333333,
      0.4189189189189189,
      0.4246575342465753,
      0.4305555555555556,
      0.4225352112676056,
      0.42857142857142855,
      0.42028985507246375,
      0.4264705882352941,
      0.43283582089552236,
      0.42424242424242425,
      0.4307692307692308,
      0.421875,
      0.4126984126984127,
      0.41935483870967744,
      0.4262295081967213,
      0.43333333333333335,
      0.4406779661016949,
      0.43103448275862066,
      0.43859649122807015,
      0.44642857142857145,
      0.43636363636363634,
      0.42592592592592593,
      0.41509433962264153,
      0.4230769230769231,
      0.43137254901960786,
      0.44,
      0.4489795918367347,
      0.4583333333333333,
      0.44680851063829785,
      0.45652173913043476,
      0.4666666666666667,
      0.45454545454545453,
      0.46511627906976744,
      0.4523809523809524,
      0.43902439024390244,
      0.45,
      0.46153846153846156,
      0.4473684210526316,
      0.4594594594594595,
      0.4722222222222222,
      0.45714285714285713,
      0.4411764705882353,
      0.45454545454545453,
      0.4375,
      0.45161290322580644,
      0.4666666666666667,
      0.4827586206896552,
      0.4642857142857143,
      0.4444444444444444,
      0.46153846153846156,
      0.48,
      0.4583333333333333,
      0.4782608695652174,
      0.5,
      0.47619047619047616,
      0.5,
      0.47368421052631576,
      0.5,
      0.47058823529411764,
      0.4375,
      0.4,
      0.35714285714285715,
      0.3076923076923077,
      0.3333333333333333,
      0.36363636363636365,
      0.4,
      0.4444444444444444,
      0.375,
      0.42857142857142855,
      0.3333333333333333,
      0.2,
      0.25,
      0.0,
      0.0,
      0.0,
      1.0
    ],
    "recall": [
      1.0,
      1.0,
      1.0,
      0.9852941176470589,
      0.9852941176470589,
      0.9852941176470589,
      0.9705882352941176,
      0.9558823529411765,
      0.9558823529411765,
      0.9411764705882353,
      0.9411764705882353,
      0.9411764705882353,
      0.9411764705882353,
      0.9411764705882353,
      0.9264705882352942,
      0.9117647058823529,
      0.9117647058823529,
      0.8970588235294118,
      0.8823529411764706,
      0.8823529411764706,
      0.8676470588235294,
      0.8529411764705882,
      0.8529411764705882,
      0.8529411764705882,
      0.8529411764705882,
      0.8529411764705882,
      0.8529411764705882,
      0.8529411764705882,
      0.8382352941176471,
      0.8235294117647058,
      0.8235294117647058,
      0.8235294117647058,
      0.8235294117647058,
      0.8088235294117647,
      0.7941176470588235,
      0.7794117647058824,
      0.7647058823529411,
      0.75,
      0.7352941176470589,
      0.7352941176470589,
      0.7205882352941176,
      0.7205882352941176,
      0.7058823529411765,
      0.7058823529411765,
      0.7058823529411765,
      0.6911764705882353,
      0.6911764705882353,
      0.6764705882352942,
      0.6617647058823529,
      0.6617647058823529,
      0.6470588235294118,
      0.6470588235294118,
      0.6323529411764706,
      0.6176470588235294,
      0.6176470588235294,
      0.6176470588235294,
      0.6029411764705882,
      0.5882352941176471,
      0.5735294117647058,
      0.5735294117647058,
      0.5735294117647058,
      0.5588235294117647,
      0.5441176470588235,
      0.5441176470588235,
      0.5441176470588235,
      0.5294117647058824,
      0.5147058823529411,
      0.5147058823529411,
      0.5147058823529411,
      0.5147058823529411,
      0.5,
      0.4852941176470588,
      0.4852941176470588,
      0.47058823529411764,
      0.45588235294117646,
      0.45588235294117646,
      0.45588235294117646,
      0.45588235294117646,
      0.4411764705882353,
      0.4411764705882353,
      0.4264705882352941,
      0.4264705882352941,
      0.4264705882352941,
      0.4117647058823529,
      0.4117647058823529,
      0.39705882352941174,
      0.38235294117647056,
      0.38235294117647056,
      0.38235294117647056,
      0.38235294117647056,
      0.38235294117647056,
      0.36764705882352944,
      0.36764705882352944,
      0.36764705882352944,
      0.35294117647058826,
      0.3382352941176471,
      0.3235294117647059,
      0.3235294117647059,
      0.3235294117647059,
      0.3235294117647059,
      0.3235294117647059,
      0.3235294117647059,
      0.3088235294117647,
      0.3088235294117647,
      0.3088235294117647,
      0.29411764705882354,
      0.29411764705882354,
      0.27941176470588236,
      0.2647058823529412,
      0.2647058823529412,
      0.2647058823529412,
      0.25,
      0.25,
      0.25,
      0.23529411764705882,
      0.22058823529411764,
      0.22058823529411764,
      0.20588235294117646,
      0.20588235294117646,
      0.20588235294117646,
      0.20588235294117646,
      0.19117647058823528,
      0.17647058823529413,
      0.17647058823529413,
      0.17647058823529413,
      0.16176470588235295,
      0.16176470588235295,
      0.16176470588235295,
      0.14705882352941177,
      0.14705882352941177,
      0.1323529411764706,
      0.1323529411764706,
      0.11764705882352941,
      0.10294117647058823,
      0.08823529411764706,
      0.07352941176470588,
      0.058823529411764705,
      0.058823529411764705,
      0.058823529411764705,
      0.058823529411764705,
      0.058823529411764705,
      0.04411764705882353,
      0.04411764705882353,
      0.029411764705882353,
      0.014705882352941176,
      0.014705882352941176,
      0.0,
      0.0,
      0.0,
      0.0
    ],